"","OrgID","MLocID","StationDes","MonLocType","HUC12_Name","ELEV_Ft","AU_ID","WaterTypeCode","BacteriaCode","WaterBodyCode","ben_use_code","OWRD_Basin","wqstd_code","Pollu_ID","ChrName","ActMediaName","ActMediaSubName","SampleFractName","ResStatusName","ResultBasesName","ResultTBaseName","ActStartD","ActStartT","ActDepth","ActDepthUnit","Result","Result4IR","ResultOp4IR","ResultUnitName","ResultlabComment","ResultComment","ResultMeasQualDesc","ResultMeasQualID","SS_Crit","Geomean_Crit","Perc_Crit","per99","per1","AmbDatarange","StdRef","validation","lowest_crit","Result_cen","geomean","count_period","less_5","geomean_start_date"
"1","OregonDEQ","11020-ORDEQ","South Fork John Day River at Dayville","River/Stream","Smoky Creek-South Fork John Day River",2342,"OR_SR_1707020104_05_101527                        ",2,2,2,5,"John Day",1,76,"Escherichia coli","Water","Surface Water",NA,"Final",NA,NA,2008-02-07,1901-01-01 09:36:00,NA,NA,"3",3,"=","MPN/100ml",NA,"NULL","Data of known Quality; meets QC limits established in a DEQ approved QAPP.","DQL=A",406,126,NA,NA,NA,NA,NA,"Valid",126,3,NA,1,1,2007-11-09
"2","OregonDEQ","11020-ORDEQ","South Fork John Day River at Dayville","River/Stream","Smoky Creek-South Fork John Day River",2342,"OR_SR_1707020104_05_101527                        ",2,2,2,5,"John Day",1,76,"Escherichia coli","Water","Surface Water",NA,"Final",NA,NA,2010-04-08,1901-01-01 10:15:00,NA,NA,"1",1,"=","MPN/100ml",NA,"NULL","Data of known Quality; meets QC limits established in a DEQ approved QAPP.","DQL=A",406,126,NA,NA,NA,NA,NA,"Valid",126,1,NA,2,1,2010-01-08
"3","OregonDEQ","11020-ORDEQ","South Fork John Day River at Dayville","River/Stream","Smoky Creek-South Fork John Day River",2342,"OR_SR_1707020104_05_101527                        ",2,2,2,5,"John Day",1,76,"Escherichia coli","Water","Surface Water",NA,"Final",NA,NA,2012-02-16,1901-01-01 08:16:00,NA,NA,"1",1,"=","MPN/100ml",NA,"NULL","Data of known Quality; meets QC limits established in a DEQ approved QAPP.","DQL=A",406,126,NA,NA,NA,NA,NA,"Valid",126,1,NA,2,1,2011-11-18
"4","OregonDEQ","11020-ORDEQ","South Fork John Day River at Dayville","River/Stream","Smoky Creek-South Fork John Day River",2342,"OR_SR_1707020104_05_101527                        ",2,2,2,5,"John Day",1,76,"Escherichia coli","Water","Surface Water",NA,"Final",NA,NA,2011-12-15,1901-01-01 08:17:00,NA,NA,"6",6,"=","MPN/100ml",NA,"NULL","Data of known Quality; meets QC limits established in a DEQ approved QAPP.","DQL=A",406,126,NA,NA,NA,NA,NA,"Valid",126,6,NA,2,1,2011-09-16
"5","OregonDEQ","11020-ORDEQ","South Fork John Day River at Dayville","River/Stream","Smoky Creek-South Fork John Day River",2342,"OR_SR_1707020104_05_101527                        ",2,2,2,5,"John Day",1,76,"Escherichia coli","Water","Surface Water",NA,"Final",NA,NA,2010-12-16,1901-01-01 09:30:00,NA,NA,"13",13,"=","MPN/100ml",NA,"NULL","Data of known Quality; meets QC limits established in a DEQ approved QAPP.","DQL=A",406,126,NA,NA,NA,NA,NA,"Valid",126,13,NA,2,1,2010-09-17
"6","OregonDEQ","11020-ORDEQ","South Fork John Day River at Dayville","River/Stream","Smoky Creek-South Fork John Day River",2342,"OR_SR_1707020104_05_101527                        ",2,2,2,5,"John Day",1,76,"Escherichia coli","Water","Surface Water",NA,"Final",NA,NA,2011-02-17,1901-01-01 08:39:00,NA,NA,"11",11,"=","MPN/100ml",NA,"NULL","Data of known Quality; meets QC limits established in a DEQ approved QAPP.","DQL=A",406,126,NA,NA,NA,NA,NA,"Valid",126,11,NA,2,1,2010-11-19
"7","OregonDEQ","11020-ORDEQ","South Fork John Day River at Dayville","River/Stream","Smoky Creek-South Fork John Day River",2342,"OR_SR_1707020104_05_101527                        ",2,2,2,5,"John Day",1,76,"Escherichia coli","Water","Surface Water",NA,"Final",NA,NA,2011-04-07,1901-01-01 10:00:00,NA,NA,"12",12,"=","MPN/100ml","Failed. Quality control criteria exceeded during analysis.","NULL","Data of known but lesser quality; Data may not meet established QC but is within marginal acceptance criteria; or data value may be accurate, however controls used to measure Data Quality Objective (DQO) elements failed (e.g., batch failed to meet blank QC limit);","DQL=B",406,126,NA,NA,NA,NA,NA,"Valid",126,12,NA,2,1,2011-01-07
"8","OregonDEQ","11020-ORDEQ","South Fork John Day River at Dayville","River/Stream","Smoky Creek-South Fork John Day River",2342,"OR_SR_1707020104_05_101527                        ",2,2,2,5,"John Day",1,76,"Escherichia coli","Water","Surface Water",NA,"Final",NA,NA,2008-04-17,1901-01-01 10:15:00,NA,NA,"23",23,"=","MPN/100ml",NA,"NULL","Data of known Quality; meets QC limits established in a DEQ approved QAPP.","DQL=A",406,126,NA,NA,NA,NA,NA,"Valid",126,23,NA,2,1,2008-01-18
"9","OregonDEQ","11020-ORDEQ","South Fork John Day River at Dayville","River/Stream","Smoky Creek-South Fork John Day River",2342,"OR_SR_1707020104_05_101527                        ",2,2,2,5,"John Day",1,76,"Escherichia coli","Water","Surface Water",NA,"Final",NA,NA,2009-02-12,1901-01-01 08:37:00,NA,NA,"18",18,"=","MPN/100ml","Failed. Quality control criteria exceeded during analysis.","NULL","Data of known but lesser quality; Data may not meet established QC but is within marginal acceptance criteria; or data value may be accurate, however controls used to measure Data Quality Objective (DQO) elements failed (e.g., batch failed to meet blank QC limit);","DQL=B",406,126,NA,NA,NA,NA,NA,"Valid",126,18,NA,2,1,2008-11-14
"10","OregonDEQ","11020-ORDEQ","South Fork John Day River at Dayville","River/Stream","Smoky Creek-South Fork John Day River",2342,"OR_SR_1707020104_05_101527                        ",2,2,2,5,"John Day",1,76,"Escherichia coli","Water","Surface Water",NA,"Final",NA,NA,2009-06-04,1901-01-01 08:20:00,NA,NA,"21",21,"=","MPN/100ml",NA,"NULL","Data of known Quality; meets QC limits established in a DEQ approved QAPP.","DQL=A",406,126,NA,NA,NA,NA,NA,"Valid",126,21,NA,2,1,2009-03-06
"11","OregonDEQ","11020-ORDEQ","South Fork John Day River at Dayville","River/Stream","Smoky Creek-South Fork John Day River",2342,"OR_SR_1707020104_05_101527                        ",2,2,2,5,"John Day",1,76,"Escherichia coli","Water","Surface Water",NA,"Final",NA,NA,2010-02-25,1901-01-01 08:57:00,NA,NA,"19",19,"=","MPN/100ml",NA,"NULL","Data of known Quality; meets QC limits established in a DEQ approved QAPP.","DQL=A",406,126,NA,NA,NA,NA,NA,"Valid",126,19,NA,1,1,2009-11-27
"12","OregonDEQ","11020-ORDEQ","South Fork John Day River at Dayville","River/Stream","Smoky Creek-South Fork John Day River",2342,"OR_SR_1707020104_05_101527                        ",2,2,2,5,"John Day",1,76,"Escherichia coli","Water","Surface Water",NA,"Final",NA,NA,2010-10-14,1901-01-01 08:11:00,NA,NA,"28",28,"=","MPN/100ml","Failed. Quality control criteria exceeded during analysis.","NULL","Data of known but lesser quality; Data may not meet established QC but is within marginal acceptance criteria; or data value may be accurate, however controls used to measure Data Quality Objective (DQO) elements failed (e.g., batch failed to meet blank QC limit);","DQL=B",406,126,NA,NA,NA,NA,NA,"Valid",126,28,NA,2,1,2010-07-16
"13","OregonDEQ","11020-ORDEQ","South Fork John Day River at Dayville","River/Stream","Smoky Creek-South Fork John Day River",2342,"OR_SR_1707020104_05_101527                        ",2,2,2,5,"John Day",1,76,"Escherichia coli","Water","Surface Water",NA,"Final",NA,NA,2011-06-30,1901-01-01 07:45:00,NA,NA,"27",27,"=","MPN/100ml","Failed. Quality control criteria exceeded during analysis.","NULL","Data of known but lesser quality; Data may not meet established QC but is within marginal acceptance criteria; or data value may be accurate, however controls used to measure Data Quality Objective (DQO) elements failed (e.g., batch failed to meet blank QC limit);","DQL=B",406,126,NA,NA,NA,NA,NA,"Valid",126,27,NA,2,1,2011-04-01
"14","OregonDEQ","11020-ORDEQ","South Fork John Day River at Dayville","River/Stream","Smoky Creek-South Fork John Day River",2342,"OR_SR_1707020104_05_101527                        ",2,2,2,5,"John Day",1,76,"Escherichia coli","Water","Surface Water",NA,"Final",NA,NA,2008-06-26,1901-01-01 09:25:00,NA,NA,"48",48,"=","MPN/100ml","Failed. Quality control criteria exceeded during analysis.","NULL","Data of known but lesser quality; Data may not meet established QC but is within marginal acceptance criteria; or data value may be accurate, however controls used to measure Data Quality Objective (DQO) elements failed (e.g., batch failed to meet blank QC limit);","DQL=B",406,126,NA,NA,NA,NA,NA,"Valid",126,48,NA,2,1,2008-03-28
"15","OregonDEQ","11020-ORDEQ","South Fork John Day River at Dayville","River/Stream","Smoky Creek-South Fork John Day River",2342,"OR_SR_1707020104_05_101527                        ",2,2,2,5,"John Day",1,76,"Escherichia coli","Water","Surface Water",NA,"Final",NA,NA,2009-08-27,1901-01-01 08:40:00,NA,NA,"31",31,"=","MPN/100ml","Failed. Quality control criteria exceeded during analysis.","NULL","Data of known but lesser quality; Data may not meet established QC but is within marginal acceptance criteria; or data value may be accurate, however controls used to measure Data Quality Objective (DQO) elements failed (e.g., batch failed to meet blank QC limit);","DQL=B",406,126,NA,NA,NA,NA,NA,"Valid",126,31,NA,2,1,2009-05-29
"16","OregonDEQ","11020-ORDEQ","South Fork John Day River at Dayville","River/Stream","Smoky Creek-South Fork John Day River",2342,"OR_SR_1707020104_05_101527                        ",2,2,2,5,"John Day",1,76,"Escherichia coli","Water","Surface Water",NA,"Final",NA,NA,2010-06-10,1901-01-01 09:10:00,NA,NA,"37",37,"=","MPN/100ml","Failed. Quality control criteria exceeded during analysis.","NULL","Data of known but lesser quality; Data may not meet established QC but is within marginal acceptance criteria; or data value may be accurate, however controls used to measure Data Quality Objective (DQO) elements failed (e.g., batch failed to meet blank QC limit);","DQL=B",406,126,NA,NA,NA,NA,NA,"Valid",126,37,NA,2,1,2010-03-12
"17","OregonDEQ","11020-ORDEQ","South Fork John Day River at Dayville","River/Stream","Smoky Creek-South Fork John Day River",2342,"OR_SR_1707020104_05_101527                        ",2,2,2,5,"John Day",1,76,"Escherichia coli","Water","Surface Water",NA,"Final",NA,NA,2011-10-13,1901-01-01 08:33:00,NA,NA,"37",37,"=","MPN/100ml","Failed. Quality control criteria exceeded during analysis.","NULL","Data of known but lesser quality; Data may not meet established QC but is within marginal acceptance criteria; or data value may be accurate, however controls used to measure Data Quality Objective (DQO) elements failed (e.g., batch failed to meet blank QC limit);","DQL=B",406,126,NA,NA,NA,NA,NA,"Valid",126,37,NA,2,1,2011-07-15
"18","OregonDEQ","11020-ORDEQ","South Fork John Day River at Dayville","River/Stream","Smoky Creek-South Fork John Day River",2342,"OR_SR_1707020104_05_101527                        ",2,2,2,5,"John Day",1,76,"Escherichia coli","Water","Surface Water",NA,"Final",NA,NA,2012-04-26,1901-01-01 08:37:00,NA,NA,"32",32,"=","MPN/100ml",NA,"NULL","Data of known Quality; meets QC limits established in a DEQ approved QAPP.","DQL=A",406,126,NA,NA,NA,NA,NA,"Valid",126,32,NA,2,1,2012-01-27
"19","OregonDEQ","11020-ORDEQ","South Fork John Day River at Dayville","River/Stream","Smoky Creek-South Fork John Day River",2342,"OR_SR_1707020104_05_101527                        ",2,2,2,5,"John Day",1,76,"Escherichia coli","Water","Surface Water",NA,"Final",NA,NA,2012-06-14,1901-01-01 08:13:00,NA,NA,"39",39,"=","MPN/100ml","Failed. Quality control criteria exceeded during analysis.","NULL","Data of known but lesser quality; Data may not meet established QC but is within marginal acceptance criteria; or data value may be accurate, however controls used to measure Data Quality Objective (DQO) elements failed (e.g., batch failed to meet blank QC limit);","DQL=B",406,126,NA,NA,NA,NA,NA,"Valid",126,39,NA,2,1,2012-03-16
"20","OregonDEQ","11020-ORDEQ","South Fork John Day River at Dayville","River/Stream","Smoky Creek-South Fork John Day River",2342,"OR_SR_1707020104_05_101527                        ",2,2,2,5,"John Day",1,76,"Escherichia coli","Water","Surface Water",NA,"Final",NA,NA,2008-08-28,1901-01-01 10:40:00,NA,NA,"60",60,"=","MPN/100ml","Failed. Quality control criteria exceeded during analysis.","NULL","Data of known but lesser quality; Data may not meet established QC but is within marginal acceptance criteria; or data value may be accurate, however controls used to measure Data Quality Objective (DQO) elements failed (e.g., batch failed to meet blank QC limit);","DQL=B",406,126,NA,NA,NA,NA,NA,"Valid",126,60,NA,2,1,2008-05-30
"21","OregonDEQ","11020-ORDEQ","South Fork John Day River at Dayville","River/Stream","Smoky Creek-South Fork John Day River",2342,"OR_SR_1707020104_05_101527                        ",2,2,2,5,"John Day",1,76,"Escherichia coli","Water","Surface Water",NA,"Final",NA,NA,2008-10-30,1901-01-01 11:44:00,NA,NA,"66",66,"=","MPN/100ml",NA,"NULL","Data of known Quality; meets QC limits established in a DEQ approved QAPP.","DQL=A",406,126,NA,NA,NA,NA,NA,"Valid",126,66,NA,2,1,2008-08-01
"22","OregonDEQ","11020-ORDEQ","South Fork John Day River at Dayville","River/Stream","Smoky Creek-South Fork John Day River",2342,"OR_SR_1707020104_05_101527                        ",2,2,2,5,"John Day",1,76,"Escherichia coli","Water","Surface Water",NA,"Final",NA,NA,2008-12-11,1901-01-01 08:11:00,NA,NA,"54",54,"=","MPN/100ml",NA,"NULL","Data of known Quality; meets QC limits established in a DEQ approved QAPP.","DQL=A",406,126,NA,NA,NA,NA,NA,"Valid",126,54,NA,2,1,2008-09-12
"23","OregonDEQ","11020-ORDEQ","South Fork John Day River at Dayville","River/Stream","Smoky Creek-South Fork John Day River",2342,"OR_SR_1707020104_05_101527                        ",2,2,2,5,"John Day",1,76,"Escherichia coli","Water","Surface Water",NA,"Final",NA,NA,2009-04-09,1901-01-01 10:15:00,NA,NA,"65",65,"=","MPN/100ml","Failed. Quality control criteria exceeded during analysis.","NULL","Data of known but lesser quality; Data may not meet established QC but is within marginal acceptance criteria; or data value may be accurate, however controls used to measure Data Quality Objective (DQO) elements failed (e.g., batch failed to meet blank QC limit);","DQL=B",406,126,NA,NA,NA,NA,NA,"Valid",126,65,NA,2,1,2009-01-09
"24","OregonDEQ","11020-ORDEQ","South Fork John Day River at Dayville","River/Stream","Smoky Creek-South Fork John Day River",2342,"OR_SR_1707020104_05_101527                        ",2,2,2,5,"John Day",1,76,"Escherichia coli","Water","Surface Water",NA,"Final",NA,NA,2009-10-29,1901-01-01 08:30:00,NA,NA,"58",58,"=","MPN/100ml",NA,"NULL","Data of known Quality; meets QC limits established in a DEQ approved QAPP.","DQL=A",406,126,NA,NA,NA,NA,NA,"Valid",126,58,NA,2,1,2009-07-31
"25","OregonDEQ","11020-ORDEQ","South Fork John Day River at Dayville","River/Stream","Smoky Creek-South Fork John Day River",2342,"OR_SR_1707020104_05_101527                        ",2,2,2,5,"John Day",1,76,"Escherichia coli","Water","Surface Water",NA,"Final",NA,NA,2010-08-26,1901-01-01 08:52:00,NA,NA,"61",61,"=","MPN/100ml","Failed. Quality control criteria exceeded during analysis.","NULL","Data of known but lesser quality; Data may not meet established QC but is within marginal acceptance criteria; or data value may be accurate, however controls used to measure Data Quality Objective (DQO) elements failed (e.g., batch failed to meet blank QC limit);","DQL=B",406,126,NA,NA,NA,NA,NA,"Valid",126,61,NA,2,1,2010-05-28
"26","OregonDEQ","11020-ORDEQ","South Fork John Day River at Dayville","River/Stream","Smoky Creek-South Fork John Day River",2342,"OR_SR_1707020104_05_101527                        ",2,2,2,5,"John Day",1,76,"Escherichia coli","Water","Surface Water",NA,"Final",NA,NA,2011-08-25,1901-01-01 09:10:00,NA,NA,"71",71,"=","MPN/100ml",NA,"NULL","Data of known Quality; meets QC limits established in a DEQ approved QAPP.","DQL=A",406,126,NA,NA,NA,NA,NA,"Valid",126,71,NA,2,1,2011-05-27
"27","OregonDEQ","11020-ORDEQ","South Fork John Day River at Dayville","River/Stream","Smoky Creek-South Fork John Day River",2342,"OR_SR_1707020104_05_101527                        ",2,2,2,5,"John Day",1,76,"Escherichia coli","Water","Surface Water",NA,"Final",NA,NA,2012-10-11,1901-01-01 08:34:00,NA,NA,"83",83,"=","MPN/100ml","Failed. Quality control criteria exceeded during analysis.","NULL","Data of known but lesser quality; Data may not meet established QC but is within marginal acceptance criteria; or data value may be accurate, however controls used to measure Data Quality Objective (DQO) elements failed (e.g., batch failed to meet blank QC limit);","DQL=B",406,126,NA,NA,NA,NA,NA,"Valid",126,83,NA,2,1,2012-07-13
"28","OregonDEQ","11020-ORDEQ","South Fork John Day River at Dayville","River/Stream","Smoky Creek-South Fork John Day River",2342,"OR_SR_1707020104_05_101527                        ",2,2,2,5,"John Day",1,76,"Escherichia coli","Water","Surface Water",NA,"Final",NA,NA,2012-08-30,1901-01-01 08:19:00,NA,NA,"161",161,"=","MPN/100ml","Failed. Quality control criteria exceeded during analysis.","NULL","Data of known but lesser quality; Data may not meet established QC but is within marginal acceptance criteria; or data value may be accurate, however controls used to measure Data Quality Objective (DQO) elements failed (e.g., batch failed to meet blank QC limit);","DQL=B",406,126,NA,NA,NA,NA,NA,"Valid",126,161,NA,2,1,2012-06-01
"29","OregonDEQ","11478-ORDEQ","John Day River at Service Creek","River/Stream","Service Creek-John Day River",1640,"OR_SR_1707020402_05_101644                        ",2,2,2,5,"John Day",1,76,"Escherichia coli","Water","Surface Water",NA,"Final",NA,NA,2008-02-07,1901-01-01 12:00:00,NA,NA,"3",3,"=","MPN/100ml",NA,"NULL","Data of known Quality; meets QC limits established in a DEQ approved QAPP.","DQL=A",406,126,NA,NA,NA,NA,NA,"Valid",126,3,NA,1,1,2007-11-09
"30","OregonDEQ","11478-ORDEQ","John Day River at Service Creek","River/Stream","Service Creek-John Day River",1640,"OR_SR_1707020402_05_101644                        ",2,2,2,5,"John Day",1,76,"Escherichia coli","Water","Surface Water",NA,"Final",NA,NA,2008-10-30,1901-01-01 13:48:00,NA,NA,"1",1,"=","MPN/100ml",NA,"NULL","Data of known Quality; meets QC limits established in a DEQ approved QAPP.","DQL=A",406,126,NA,NA,NA,NA,NA,"Valid",126,1,NA,2,1,2008-08-01
"31","OregonDEQ","11478-ORDEQ","John Day River at Service Creek","River/Stream","Service Creek-John Day River",1640,"OR_SR_1707020402_05_101644                        ",2,2,2,5,"John Day",1,76,"Escherichia coli","Water","Surface Water",NA,"Final",NA,NA,2009-02-12,1901-01-01 10:24:00,NA,NA,"2",2,"=","MPN/100ml",NA,"NULL","Data of known Quality; meets QC limits established in a DEQ approved QAPP.","DQL=A",406,126,NA,NA,NA,NA,NA,"Valid",126,2,NA,2,1,2008-11-14
"32","OregonDEQ","11478-ORDEQ","John Day River at Service Creek","River/Stream","Service Creek-John Day River",1640,"OR_SR_1707020402_05_101644                        ",2,2,2,5,"John Day",1,76,"Escherichia coli","Water","Surface Water",NA,"Final",NA,NA,2009-08-27,1901-01-01 11:35:00,NA,NA,"2",2,"=","MPN/100ml",NA,"NULL","Data of known Quality; meets QC limits established in a DEQ approved QAPP.","DQL=A",406,126,NA,NA,NA,NA,NA,"Valid",126,2,NA,2,1,2009-05-29
"33","OregonDEQ","11478-ORDEQ","John Day River at Service Creek","River/Stream","Service Creek-John Day River",1640,"OR_SR_1707020402_05_101644                        ",2,2,2,5,"John Day",1,76,"Escherichia coli","Water","Surface Water",NA,"Final",NA,NA,2010-02-25,1901-01-01 11:15:00,NA,NA,"1",1,"=","MPN/100ml",NA,"NULL","Data of known Quality; meets QC limits established in a DEQ approved QAPP.","DQL=A",406,126,NA,NA,NA,NA,NA,"Valid",126,1,NA,1,1,2009-11-27
"34","OregonDEQ","11478-ORDEQ","John Day River at Service Creek","River/Stream","Service Creek-John Day River",1640,"OR_SR_1707020402_05_101644                        ",2,2,2,5,"John Day",1,76,"Escherichia coli","Water","Surface Water",NA,"Final",NA,NA,2010-04-08,1901-01-01 12:50:00,NA,NA,"1",1,"=","MPN/100ml",NA,"NULL","Data of known Quality; meets QC limits established in a DEQ approved QAPP.","DQL=A",406,126,NA,NA,NA,NA,NA,"Valid",126,1,NA,2,1,2010-01-08
"35","OregonDEQ","11478-ORDEQ","John Day River at Service Creek","River/Stream","Service Creek-John Day River",1640,"OR_SR_1707020402_05_101644                        ",2,2,2,5,"John Day",1,76,"Escherichia coli","Water","Surface Water",NA,"Final",NA,NA,2011-12-15,1901-01-01 10:05:00,NA,NA,"1",1,"=","MPN/100ml",NA,"NULL","Data of known Quality; meets QC limits established in a DEQ approved QAPP.","DQL=A",406,126,NA,NA,NA,NA,NA,"Valid",126,1,NA,2,1,2011-09-16
"36","OregonDEQ","11478-ORDEQ","John Day River at Service Creek","River/Stream","Service Creek-John Day River",1640,"OR_SR_1707020402_05_101644                        ",2,2,2,5,"John Day",1,76,"Escherichia coli","Water","Surface Water",NA,"Final",NA,NA,2008-08-28,1901-01-01 12:58:00,NA,NA,"4",4,"=","MPN/100ml",NA,"NULL","Data of known Quality; meets QC limits established in a DEQ approved QAPP.","DQL=A",406,126,NA,NA,NA,NA,NA,"Valid",126,4,NA,2,1,2008-05-30
"37","OregonDEQ","11478-ORDEQ","John Day River at Service Creek","River/Stream","Service Creek-John Day River",1640,"OR_SR_1707020402_05_101644                        ",2,2,2,5,"John Day",1,76,"Escherichia coli","Water","Surface Water",NA,"Final",NA,NA,2008-12-11,1901-01-01 09:57:00,NA,NA,"4",4,"=","MPN/100ml",NA,"NULL","Data of known Quality; meets QC limits established in a DEQ approved QAPP.","DQL=A",406,126,NA,NA,NA,NA,NA,"Valid",126,4,NA,2,1,2008-09-12
"38","OregonDEQ","11478-ORDEQ","John Day River at Service Creek","River/Stream","Service Creek-John Day River",1640,"OR_SR_1707020402_05_101644                        ",2,2,2,5,"John Day",1,76,"Escherichia coli","Water","Surface Water",NA,"Final",NA,NA,2009-10-29,1901-01-01 10:15:00,NA,NA,"6",6,"=","MPN/100ml",NA,"NULL","Data of known Quality; meets QC limits established in a DEQ approved QAPP.","DQL=A",406,126,NA,NA,NA,NA,NA,"Valid",126,6,NA,2,1,2009-07-31
"39","OregonDEQ","11478-ORDEQ","John Day River at Service Creek","River/Stream","Service Creek-John Day River",1640,"OR_SR_1707020402_05_101644                        ",2,2,2,5,"John Day",1,76,"Escherichia coli","Water","Surface Water",NA,"Final",NA,NA,2010-10-14,1901-01-01 10:10:00,NA,NA,"8",8,"=","MPN/100ml",NA,"NULL","Data of known Quality; meets QC limits established in a DEQ approved QAPP.","DQL=A",406,126,NA,NA,NA,NA,NA,"Valid",126,8,NA,1,1,2010-07-16
"40","OregonDEQ","11478-ORDEQ","John Day River at Service Creek","River/Stream","Service Creek-John Day River",1640,"OR_SR_1707020402_05_101644                        ",2,2,2,5,"John Day",1,76,"Escherichia coli","Water","Surface Water",NA,"Final",NA,NA,2011-08-25,1901-01-01 11:36:00,NA,NA,"5",5,"=","MPN/100ml",NA,"NULL","Data of known Quality; meets QC limits established in a DEQ approved QAPP.","DQL=A",406,126,NA,NA,NA,NA,NA,"Valid",126,5,NA,2,1,2011-05-27
"41","OregonDEQ","11478-ORDEQ","John Day River at Service Creek","River/Stream","Service Creek-John Day River",1640,"OR_SR_1707020402_05_101644                        ",2,2,2,5,"John Day",1,76,"Escherichia coli","Water","Surface Water",NA,"Final",NA,NA,2012-02-16,1901-01-01 09:56:00,NA,NA,"5",5,"=","MPN/100ml",NA,"NULL","Data of known Quality; meets QC limits established in a DEQ approved QAPP.","DQL=A",406,126,NA,NA,NA,NA,NA,"Valid",126,5,NA,2,1,2011-11-18
"42","OregonDEQ","11478-ORDEQ","John Day River at Service Creek","River/Stream","Service Creek-John Day River",1640,"OR_SR_1707020402_05_101644                        ",2,2,2,5,"John Day",1,76,"Escherichia coli","Water","Surface Water",NA,"Final",NA,NA,2012-08-30,1901-01-01 10:01:00,NA,NA,"4",4,"=","MPN/100ml",NA,"NULL","Data of known Quality; meets QC limits established in a DEQ approved QAPP.","DQL=A",406,126,NA,NA,NA,NA,NA,"Valid",126,4,NA,2,1,2012-06-01
"43","OregonDEQ","11478-ORDEQ","John Day River at Service Creek","River/Stream","Service Creek-John Day River",1640,"OR_SR_1707020402_05_101644                        ",2,2,2,5,"John Day",1,76,"Escherichia coli","Water","Surface Water",NA,"Final",NA,NA,2008-06-26,1901-01-01 12:30:00,NA,NA,"11",11,"=","MPN/100ml",NA,"NULL","Data of known Quality; meets QC limits established in a DEQ approved QAPP.","DQL=A",406,126,NA,NA,NA,NA,NA,"Valid",126,11,NA,2,1,2008-03-28
"44","OregonDEQ","11478-ORDEQ","John Day River at Service Creek","River/Stream","Service Creek-John Day River",1640,"OR_SR_1707020402_05_101644                        ",2,2,2,5,"John Day",1,76,"Escherichia coli","Water","Surface Water",NA,"Final",NA,NA,2011-02-17,1901-01-01 10:18:00,NA,NA,"16",16,"=","MPN/100ml",NA,"NULL","Data of known Quality; meets QC limits established in a DEQ approved QAPP.","DQL=A",406,126,NA,NA,NA,NA,NA,"Valid",126,16,NA,2,1,2010-11-19
"45","OregonDEQ","11478-ORDEQ","John Day River at Service Creek","River/Stream","Service Creek-John Day River",1640,"OR_SR_1707020402_05_101644                        ",2,2,2,5,"John Day",1,76,"Escherichia coli","Water","Surface Water",NA,"Final",NA,NA,2011-04-07,1901-01-01 12:25:00,NA,NA,"12",12,"=","MPN/100ml","Failed. Quality control criteria exceeded during analysis.","NULL","Data of known but lesser quality; Data may not meet established QC but is within marginal acceptance criteria; or data value may be accurate, however controls used to measure Data Quality Objective (DQO) elements failed (e.g., batch failed to meet blank QC limit);","DQL=B",406,126,NA,NA,NA,NA,NA,"Valid",126,12,NA,2,1,2011-01-07
"46","OregonDEQ","11478-ORDEQ","John Day River at Service Creek","River/Stream","Service Creek-John Day River",1640,"OR_SR_1707020402_05_101644                        ",2,2,2,5,"John Day",1,76,"Escherichia coli","Water","Surface Water",NA,"Final",NA,NA,2012-10-11,1901-01-01 10:44:00,NA,NA,"16",16,"=","MPN/100ml",NA,"NULL","Data of known Quality; meets QC limits established in a DEQ approved QAPP.","DQL=A",406,126,NA,NA,NA,NA,NA,"Valid",126,16,NA,2,1,2012-07-13
"47","OregonDEQ","11478-ORDEQ","John Day River at Service Creek","River/Stream","Service Creek-John Day River",1640,"OR_SR_1707020402_05_101644                        ",2,2,2,5,"John Day",1,76,"Escherichia coli","Water","Surface Water",NA,"Final",NA,NA,2011-10-13,1901-01-01 10:21:00,NA,NA,"23",23,"=","MPN/100ml",NA,"NULL","Data of known Quality; meets QC limits established in a DEQ approved QAPP.","DQL=A",406,126,NA,NA,NA,NA,NA,"Valid",126,23,NA,2,1,2011-07-15
"48","OregonDEQ","11478-ORDEQ","John Day River at Service Creek","River/Stream","Service Creek-John Day River",1640,"OR_SR_1707020402_05_101644                        ",2,2,2,5,"John Day",1,76,"Escherichia coli","Water","Surface Water",NA,"Final",NA,NA,2012-06-14,1901-01-01 10:39:00,NA,NA,"20",20,"=","MPN/100ml",NA,"NULL","Data of known Quality; meets QC limits established in a DEQ approved QAPP.","DQL=A",406,126,NA,NA,NA,NA,NA,"Valid",126,20,NA,2,1,2012-03-16
"49","OregonDEQ","11478-ORDEQ","John Day River at Service Creek","River/Stream","Service Creek-John Day River",1640,"OR_SR_1707020402_05_101644                        ",2,2,2,5,"John Day",1,76,"Escherichia coli","Water","Surface Water",NA,"Final",NA,NA,2008-04-17,1901-01-01 12:40:00,NA,NA,"36",36,"=","MPN/100ml",NA,"NULL","Data of known Quality; meets QC limits established in a DEQ approved QAPP.","DQL=A",406,126,NA,NA,NA,NA,NA,"Valid",126,36,NA,2,1,2008-01-18
"50","OregonDEQ","11478-ORDEQ","John Day River at Service Creek","River/Stream","Service Creek-John Day River",1640,"OR_SR_1707020402_05_101644                        ",2,2,2,5,"John Day",1,76,"Escherichia coli","Water","Surface Water",NA,"Final",NA,NA,2010-12-16,1901-01-01 11:30:00,NA,NA,"43",43,"=","MPN/100ml",NA,"NULL","Data of known Quality; meets QC limits established in a DEQ approved QAPP.","DQL=A",406,126,NA,NA,NA,NA,NA,"Valid",126,43,NA,2,1,2010-09-17
"51","OregonDEQ","11478-ORDEQ","John Day River at Service Creek","River/Stream","Service Creek-John Day River",1640,"OR_SR_1707020402_05_101644                        ",2,2,2,5,"John Day",1,76,"Escherichia coli","Water","Surface Water",NA,"Final",NA,NA,2011-06-30,1901-01-01 10:07:00,NA,NA,"42",42,"=","MPN/100ml",NA,"NULL","Data of known Quality; meets QC limits established in a DEQ approved QAPP.","DQL=A",406,126,NA,NA,NA,NA,NA,"Valid",126,42,NA,2,1,2011-04-01
"52","OregonDEQ","11478-ORDEQ","John Day River at Service Creek","River/Stream","Service Creek-John Day River",1640,"OR_SR_1707020402_05_101644                        ",2,2,2,5,"John Day",1,76,"Escherichia coli","Water","Surface Water",NA,"Final",NA,NA,2009-04-09,1901-01-01 12:35:00,NA,NA,"56",56,"=","MPN/100ml",NA,"NULL","Data of known Quality; meets QC limits established in a DEQ approved QAPP.","DQL=A",406,126,NA,NA,NA,NA,NA,"Valid",126,56,NA,2,1,2009-01-09
"53","OregonDEQ","11478-ORDEQ","John Day River at Service Creek","River/Stream","Service Creek-John Day River",1640,"OR_SR_1707020402_05_101644                        ",2,2,2,5,"John Day",1,76,"Escherichia coli","Water","Surface Water",NA,"Final",NA,NA,2009-06-04,1901-01-01 10:15:00,NA,NA,"54",54,"=","MPN/100ml",NA,"NULL","Data of known Quality; meets QC limits established in a DEQ approved QAPP.","DQL=A",406,126,NA,NA,NA,NA,NA,"Valid",126,54,NA,2,1,2009-03-06
"54","OregonDEQ","11478-ORDEQ","John Day River at Service Creek","River/Stream","Service Creek-John Day River",1640,"OR_SR_1707020402_05_101644                        ",2,2,2,5,"John Day",1,76,"Escherichia coli","Water","Surface Water",NA,"Final",NA,NA,2010-06-10,1901-01-01 11:25:00,NA,NA,"88",88,"=","MPN/100ml",NA,"NULL","Data of known Quality; meets QC limits established in a DEQ approved QAPP.","DQL=A",406,126,NA,NA,NA,NA,NA,"Valid",126,88,NA,2,1,2010-03-12
"55","OregonDEQ","11478-ORDEQ","John Day River at Service Creek","River/Stream","Service Creek-John Day River",1640,"OR_SR_1707020402_05_101644                        ",2,2,2,5,"John Day",1,76,"Escherichia coli","Water","Surface Water",NA,"Final",NA,NA,2012-04-26,1901-01-01 10:29:00,NA,NA,"70",70,"=","MPN/100ml",NA,"NULL","Data of known Quality; meets QC limits established in a DEQ approved QAPP.","DQL=A",406,126,NA,NA,NA,NA,NA,"Valid",126,70,NA,2,1,2012-01-27
"56","OregonDEQ","11386-ORDEQ","John Day River at Hwy 206","River/Stream","Esau Canyon-John Day River",521,"OR_SR_1707020410_05_101700                        ",2,2,2,5,"John Day",1,76,"Escherichia coli","Water","Surface Water",NA,"Final",NA,NA,2008-02-07,1901-01-01 15:01:00,NA,NA,"2",2,"=","MPN/100ml",NA,"NULL","Data of known Quality; meets QC limits established in a DEQ approved QAPP.","DQL=A",406,126,NA,NA,NA,NA,NA,"Valid",126,2,NA,1,1,2007-11-09
"57","OregonDEQ","11386-ORDEQ","John Day River at Hwy 206","River/Stream","Esau Canyon-John Day River",521,"OR_SR_1707020410_05_101700                        ",2,2,2,5,"John Day",1,76,"Escherichia coli","Water","Surface Water",NA,"Final",NA,NA,2008-08-28,1901-01-01 14:41:00,NA,NA,"1",1,"=","MPN/100ml",NA,"NULL","Data of known Quality; meets QC limits established in a DEQ approved QAPP.","DQL=A",406,126,NA,NA,NA,NA,NA,"Valid",126,1,NA,2,1,2008-05-30
"58","OregonDEQ","11386-ORDEQ","John Day River at Hwy 206","River/Stream","Esau Canyon-John Day River",521,"OR_SR_1707020410_05_101700                        ",2,2,2,5,"John Day",1,76,"Escherichia coli","Water","Surface Water",NA,"Final",NA,NA,2008-10-30,1901-01-01 15:18:00,NA,NA,"2",2,"=","MPN/100ml",NA,"NULL","Data of known Quality; meets QC limits established in a DEQ approved QAPP.","DQL=A",406,126,NA,NA,NA,NA,NA,"Valid",126,2,NA,2,1,2008-08-01
"59","OregonDEQ","11386-ORDEQ","John Day River at Hwy 206","River/Stream","Esau Canyon-John Day River",521,"OR_SR_1707020410_05_101700                        ",2,2,2,5,"John Day",1,76,"Escherichia coli","Water","Surface Water",NA,"Final",NA,NA,2008-12-11,1901-01-01 11:36:00,NA,NA,"2",2,"=","MPN/100ml",NA,"NULL","Data of known Quality; meets QC limits established in a DEQ approved QAPP.","DQL=A",406,126,NA,NA,NA,NA,NA,"Valid",126,2,NA,2,1,2008-09-12
"60","OregonDEQ","11386-ORDEQ","John Day River at Hwy 206","River/Stream","Esau Canyon-John Day River",521,"OR_SR_1707020410_05_101700                        ",2,2,2,5,"John Day",1,76,"Escherichia coli","Water","Surface Water",NA,"Final",NA,NA,2009-02-12,1901-01-01 12:33:00,NA,NA,"2",2,"=","MPN/100ml",NA,"NULL","Data of known Quality; meets QC limits established in a DEQ approved QAPP.","DQL=A",406,126,NA,NA,NA,NA,NA,"Valid",126,2,NA,2,1,2008-11-14
"61","OregonDEQ","11386-ORDEQ","John Day River at Hwy 206","River/Stream","Esau Canyon-John Day River",521,"OR_SR_1707020410_05_101700                        ",2,2,2,5,"John Day",1,76,"Escherichia coli","Water","Surface Water",NA,"Final",NA,NA,2009-08-27,1901-01-01 13:08:00,NA,NA,"2",2,"=","MPN/100ml",NA,"NULL","Data of known Quality; meets QC limits established in a DEQ approved QAPP.","DQL=A",406,126,NA,NA,NA,NA,NA,"Valid",126,2,NA,2,1,2009-05-29
"62","OregonDEQ","11386-ORDEQ","John Day River at Hwy 206","River/Stream","Esau Canyon-John Day River",521,"OR_SR_1707020410_05_101700                        ",2,2,2,5,"John Day",1,76,"Escherichia coli","Water","Surface Water",NA,"Final",NA,NA,2010-08-26,1901-01-01 14:10:00,NA,NA,"3",3,"=","MPN/100ml",NA,"NULL","Data of known Quality; meets QC limits established in a DEQ approved QAPP.","DQL=A",406,126,NA,NA,NA,NA,NA,"Valid",126,3,NA,2,1,2010-05-28
"63","OregonDEQ","11386-ORDEQ","John Day River at Hwy 206","River/Stream","Esau Canyon-John Day River",521,"OR_SR_1707020410_05_101700                        ",2,2,2,5,"John Day",1,76,"Escherichia coli","Water","Surface Water",NA,"Final",NA,NA,2011-12-15,1901-01-01 11:54:00,NA,NA,"2",2,"=","MPN/100ml",NA,"NULL","Data of known Quality; meets QC limits established in a DEQ approved QAPP.","DQL=A",406,126,NA,NA,NA,NA,NA,"Valid",126,2,NA,2,1,2011-09-16
"64","OregonDEQ","11386-ORDEQ","John Day River at Hwy 206","River/Stream","Esau Canyon-John Day River",521,"OR_SR_1707020410_05_101700                        ",2,2,2,5,"John Day",1,76,"Escherichia coli","Water","Surface Water",NA,"Final",NA,NA,2012-02-16,1901-01-01 11:33:00,NA,NA,"2",2,"=","MPN/100ml",NA,"NULL","Data of known Quality; meets QC limits established in a DEQ approved QAPP.","DQL=A",406,126,NA,NA,NA,NA,NA,"Valid",126,2,NA,2,1,2011-11-18
"65","OregonDEQ","11386-ORDEQ","John Day River at Hwy 206","River/Stream","Esau Canyon-John Day River",521,"OR_SR_1707020410_05_101700                        ",2,2,2,5,"John Day",1,76,"Escherichia coli","Water","Surface Water",NA,"Final",NA,NA,2008-06-26,1901-01-01 14:15:00,NA,NA,"9",9,"=","MPN/100ml",NA,"NULL","Data of known Quality; meets QC limits established in a DEQ approved QAPP.","DQL=A",406,126,NA,NA,NA,NA,NA,"Valid",126,9,NA,2,1,2008-03-28
"66","OregonDEQ","11386-ORDEQ","John Day River at Hwy 206","River/Stream","Esau Canyon-John Day River",521,"OR_SR_1707020410_05_101700                        ",2,2,2,5,"John Day",1,76,"Escherichia coli","Water","Surface Water",NA,"Final",NA,NA,2009-06-04,1901-01-01 12:00:00,NA,NA,"7",7,"=","MPN/100ml",NA,"NULL","Data of known Quality; meets QC limits established in a DEQ approved QAPP.","DQL=A",406,126,NA,NA,NA,NA,NA,"Valid",126,7,NA,2,1,2009-03-06
"67","OregonDEQ","11386-ORDEQ","John Day River at Hwy 206","River/Stream","Esau Canyon-John Day River",521,"OR_SR_1707020410_05_101700                        ",2,2,2,5,"John Day",1,76,"Escherichia coli","Water","Surface Water",NA,"Final",NA,NA,2009-10-29,1901-01-01 11:30:00,NA,NA,"8",8,"=","MPN/100ml",NA,"NULL","Data of known Quality; meets QC limits established in a DEQ approved QAPP.","DQL=A",406,126,NA,NA,NA,NA,NA,"Valid",126,8,NA,2,1,2009-07-31
"68","OregonDEQ","11386-ORDEQ","John Day River at Hwy 206","River/Stream","Esau Canyon-John Day River",521,"OR_SR_1707020410_05_101700                        ",2,2,2,5,"John Day",1,76,"Escherichia coli","Water","Surface Water",NA,"Final",NA,NA,2010-10-14,1901-01-01 11:50:00,NA,NA,"4",4,"=","MPN/100ml",NA,"NULL","Data of known Quality; meets QC limits established in a DEQ approved QAPP.","DQL=A",406,126,NA,NA,NA,NA,NA,"Valid",126,4,NA,2,1,2010-07-16
"69","OregonDEQ","11386-ORDEQ","John Day River at Hwy 206","River/Stream","Esau Canyon-John Day River",521,"OR_SR_1707020410_05_101700                        ",2,2,2,5,"John Day",1,76,"Escherichia coli","Water","Surface Water",NA,"Final",NA,NA,2011-02-17,1901-01-01 11:59:00,NA,NA,"9",9,"=","MPN/100ml",NA,"NULL","Data of known Quality; meets QC limits established in a DEQ approved QAPP.","DQL=A",406,126,NA,NA,NA,NA,NA,"Valid",126,9,NA,2,1,2010-11-19
"70","OregonDEQ","11386-ORDEQ","John Day River at Hwy 206","River/Stream","Esau Canyon-John Day River",521,"OR_SR_1707020410_05_101700                        ",2,2,2,5,"John Day",1,76,"Escherichia coli","Water","Surface Water",NA,"Final",NA,NA,2011-08-25,1901-01-01 14:02:00,NA,NA,"6",6,"=","MPN/100ml",NA,"NULL","Data of known Quality; meets QC limits established in a DEQ approved QAPP.","DQL=A",406,126,NA,NA,NA,NA,NA,"Valid",126,6,NA,2,1,2011-05-27
"71","OregonDEQ","11386-ORDEQ","John Day River at Hwy 206","River/Stream","Esau Canyon-John Day River",521,"OR_SR_1707020410_05_101700                        ",2,2,2,5,"John Day",1,76,"Escherichia coli","Water","Surface Water",NA,"Final",NA,NA,2011-10-13,1901-01-01 12:00:00,NA,NA,"8",8,"=","MPN/100ml",NA,"NULL","Data of known Quality; meets QC limits established in a DEQ approved QAPP.","DQL=A",406,126,NA,NA,NA,NA,NA,"Valid",126,8,NA,2,1,2011-07-15
"72","OregonDEQ","11386-ORDEQ","John Day River at Hwy 206","River/Stream","Esau Canyon-John Day River",521,"OR_SR_1707020410_05_101700                        ",2,2,2,5,"John Day",1,76,"Escherichia coli","Water","Surface Water",NA,"Final",NA,NA,2012-08-30,1901-01-01 11:58:00,NA,NA,"6",6,"=","MPN/100ml",NA,"NULL","Data of known Quality; meets QC limits established in a DEQ approved QAPP.","DQL=A",406,126,NA,NA,NA,NA,NA,"Valid",126,6,NA,2,1,2012-06-01
"73","OregonDEQ","11386-ORDEQ","John Day River at Hwy 206","River/Stream","Esau Canyon-John Day River",521,"OR_SR_1707020410_05_101700                        ",2,2,2,5,"John Day",1,76,"Escherichia coli","Water","Surface Water",NA,"Final",NA,NA,2012-06-14,1901-01-01 12:30:00,NA,NA,"23",23,"=","MPN/100ml",NA,"NULL","Data of known Quality; meets QC limits established in a DEQ approved QAPP.","DQL=A",406,126,NA,NA,NA,NA,NA,"Valid",126,23,NA,2,1,2012-03-16
"74","OregonDEQ","11386-ORDEQ","John Day River at Hwy 206","River/Stream","Esau Canyon-John Day River",521,"OR_SR_1707020410_05_101700                        ",2,2,2,5,"John Day",1,76,"Escherichia coli","Water","Surface Water",NA,"Final",NA,NA,2012-10-11,1901-01-01 12:31:00,NA,NA,"17",17,"=","MPN/100ml",NA,"NULL","Data of known Quality; meets QC limits established in a DEQ approved QAPP.","DQL=A",406,126,NA,NA,NA,NA,NA,"Valid",126,17,NA,2,1,2012-07-13
"75","OregonDEQ","11386-ORDEQ","John Day River at Hwy 206","River/Stream","Esau Canyon-John Day River",521,"OR_SR_1707020410_05_101700                        ",2,2,2,5,"John Day",1,76,"Escherichia coli","Water","Surface Water",NA,"Final",NA,NA,2011-04-07,1901-01-01 15:10:00,NA,NA,"30",30,"=","MPN/100ml","Failed. Quality control criteria exceeded during analysis.","NULL","Data of known but lesser quality; Data may not meet established QC but is within marginal acceptance criteria; or data value may be accurate, however controls used to measure Data Quality Objective (DQO) elements failed (e.g., batch failed to meet blank QC limit);","DQL=B",406,126,NA,NA,NA,NA,NA,"Valid",126,30,NA,2,1,2011-01-07
"76","OregonDEQ","11386-ORDEQ","John Day River at Hwy 206","River/Stream","Esau Canyon-John Day River",521,"OR_SR_1707020410_05_101700                        ",2,2,2,5,"John Day",1,76,"Escherichia coli","Water","Surface Water",NA,"Final",NA,NA,2011-06-30,1901-01-01 12:02:00,NA,NA,"49",49,"=","MPN/100ml",NA,"NULL","Data of known Quality; meets QC limits established in a DEQ approved QAPP.","DQL=A",406,126,NA,NA,NA,NA,NA,"Valid",126,49,NA,2,1,2011-04-01
"77","OregonDEQ","11386-ORDEQ","John Day River at Hwy 206","River/Stream","Esau Canyon-John Day River",521,"OR_SR_1707020410_05_101700                        ",2,2,2,5,"John Day",1,76,"Escherichia coli","Water","Surface Water",NA,"Final",NA,NA,2008-04-17,1901-01-01 15:30:00,NA,NA,"57",57,"=","MPN/100ml",NA,"NULL","Data of known Quality; meets QC limits established in a DEQ approved QAPP.","DQL=A",406,126,NA,NA,NA,NA,NA,"Valid",126,57,NA,2,1,2008-01-18
"78","OregonDEQ","11386-ORDEQ","John Day River at Hwy 206","River/Stream","Esau Canyon-John Day River",521,"OR_SR_1707020410_05_101700                        ",2,2,2,5,"John Day",1,76,"Escherichia coli","Water","Surface Water",NA,"Final",NA,NA,2009-04-09,1901-01-01 15:15:00,NA,NA,"59",59,"=","MPN/100ml",NA,"NULL","Data of known Quality; meets QC limits established in a DEQ approved QAPP.","DQL=A",406,126,NA,NA,NA,NA,NA,"Valid",126,59,NA,2,1,2009-01-09
"79","OregonDEQ","11386-ORDEQ","John Day River at Hwy 206","River/Stream","Esau Canyon-John Day River",521,"OR_SR_1707020410_05_101700                        ",2,2,2,5,"John Day",1,76,"Escherichia coli","Water","Surface Water",NA,"Final",NA,NA,2010-06-10,1901-01-01 13:18:00,NA,NA,"88",88,"=","MPN/100ml",NA,"NULL","Data of known Quality; meets QC limits established in a DEQ approved QAPP.","DQL=A",406,126,NA,NA,NA,NA,NA,"Valid",126,88,NA,1,1,2010-03-12
"80","OregonDEQ","11386-ORDEQ","John Day River at Hwy 206","River/Stream","Esau Canyon-John Day River",521,"OR_SR_1707020410_05_101700                        ",2,2,2,5,"John Day",1,76,"Escherichia coli","Water","Surface Water",NA,"Final",NA,NA,2010-12-16,1901-01-01 13:30:00,NA,NA,"96",96,"=","MPN/100ml",NA,"NULL","Data of known Quality; meets QC limits established in a DEQ approved QAPP.","DQL=A",406,126,NA,NA,NA,NA,NA,"Valid",126,96,NA,2,1,2010-09-17
"81","OregonDEQ","11386-ORDEQ","John Day River at Hwy 206","River/Stream","Esau Canyon-John Day River",521,"OR_SR_1707020410_05_101700                        ",2,2,2,5,"John Day",1,76,"Escherichia coli","Water","Surface Water",NA,"Final",NA,NA,2012-04-26,1901-01-01 11:59:00,NA,NA,"111",111,"=","MPN/100ml",NA,"NULL","Data of known Quality; meets QC limits established in a DEQ approved QAPP.","DQL=A",406,126,NA,NA,NA,NA,NA,"Valid",126,111,NA,2,1,2012-01-27
"82","OregonDEQ","11017-ORDEQ","North Fork John Day River at Kimberly","River/Stream","Birch Creek-North Fork John Day River",1829,"OR_SR_1707020210_05_101613                        ",2,2,2,5,"John Day",1,76,"Escherichia coli","Water","Surface Water",NA,"Final",NA,NA,2008-08-28,1901-01-01 11:43:00,NA,NA,"3",3,"=","MPN/100ml",NA,"NULL","Data of known Quality; meets QC limits established in a DEQ approved QAPP.","DQL=A",406,126,NA,NA,NA,NA,NA,"Valid",126,3,NA,2,1,2008-05-30
"83","OregonDEQ","11017-ORDEQ","North Fork John Day River at Kimberly","River/Stream","Birch Creek-North Fork John Day River",1829,"OR_SR_1707020210_05_101613                        ",2,2,2,5,"John Day",1,76,"Escherichia coli","Water","Surface Water",NA,"Final",NA,NA,2011-12-15,1901-01-01 09:08:00,NA,NA,"3",3,"=","MPN/100ml",NA,"NULL","Data of known Quality; meets QC limits established in a DEQ approved QAPP.","DQL=A",406,126,NA,NA,NA,NA,NA,"Valid",126,3,NA,2,1,2011-09-16
"84","OregonDEQ","11017-ORDEQ","North Fork John Day River at Kimberly","River/Stream","Birch Creek-North Fork John Day River",1829,"OR_SR_1707020210_05_101613                        ",2,2,2,5,"John Day",1,76,"Escherichia coli","Water","Surface Water",NA,"Final",NA,NA,2008-10-30,1901-01-01 12:56:00,NA,NA,"5",5,"=","MPN/100ml",NA,"NULL","Data of known Quality; meets QC limits established in a DEQ approved QAPP.","DQL=A",406,126,NA,NA,NA,NA,NA,"Valid",126,5,NA,2,1,2008-08-01
"85","OregonDEQ","11017-ORDEQ","North Fork John Day River at Kimberly","River/Stream","Birch Creek-North Fork John Day River",1829,"OR_SR_1707020210_05_101613                        ",2,2,2,5,"John Day",1,76,"Escherichia coli","Water","Surface Water",NA,"Final",NA,NA,2008-12-11,1901-01-01 09:05:00,NA,NA,"5",5,"=","MPN/100ml",NA,"NULL","Data of known Quality; meets QC limits established in a DEQ approved QAPP.","DQL=A",406,126,NA,NA,NA,NA,NA,"Valid",126,5,NA,2,1,2008-09-12
"86","OregonDEQ","11017-ORDEQ","North Fork John Day River at Kimberly","River/Stream","Birch Creek-North Fork John Day River",1829,"OR_SR_1707020210_05_101613                        ",2,2,2,5,"John Day",1,76,"Escherichia coli","Water","Surface Water",NA,"Final",NA,NA,2009-02-12,1901-01-01 09:28:00,NA,NA,"6",6,"=","MPN/100ml",NA,"NULL","Data of known Quality; meets QC limits established in a DEQ approved QAPP.","DQL=A",406,126,NA,NA,NA,NA,NA,"Valid",126,6,NA,2,1,2008-11-14
"87","OregonDEQ","11017-ORDEQ","North Fork John Day River at Kimberly","River/Stream","Birch Creek-North Fork John Day River",1829,"OR_SR_1707020210_05_101613                        ",2,2,2,5,"John Day",1,76,"Escherichia coli","Water","Surface Water",NA,"Final",NA,NA,2010-02-25,1901-01-01 10:00:00,NA,NA,"4",4,"=","MPN/100ml",NA,"NULL","Data of known Quality; meets QC limits established in a DEQ approved QAPP.","DQL=A",406,126,NA,NA,NA,NA,NA,"Valid",126,4,NA,1,1,2009-11-27
"88","OregonDEQ","11017-ORDEQ","North Fork John Day River at Kimberly","River/Stream","Birch Creek-North Fork John Day River",1829,"OR_SR_1707020210_05_101613                        ",2,2,2,5,"John Day",1,76,"Escherichia coli","Water","Surface Water",NA,"Final",NA,NA,2011-08-25,1901-01-01 10:42:00,NA,NA,"8",8,"=","MPN/100ml",NA,"NULL","Data of known Quality; meets QC limits established in a DEQ approved QAPP.","DQL=A",406,126,NA,NA,NA,NA,NA,"Valid",126,8,NA,2,1,2011-05-27
"89","OregonDEQ","11017-ORDEQ","North Fork John Day River at Kimberly","River/Stream","Birch Creek-North Fork John Day River",1829,"OR_SR_1707020210_05_101613                        ",2,2,2,5,"John Day",1,76,"Escherichia coli","Water","Surface Water",NA,"Final",NA,NA,2008-04-17,1901-01-01 11:30:00,NA,NA,"12",12,"=","MPN/100ml",NA,"NULL","Data of known Quality; meets QC limits established in a DEQ approved QAPP.","DQL=A",406,126,NA,NA,NA,NA,NA,"Valid",126,12,NA,1,1,2008-01-18
"90","OregonDEQ","11017-ORDEQ","North Fork John Day River at Kimberly","River/Stream","Birch Creek-North Fork John Day River",1829,"OR_SR_1707020210_05_101613                        ",2,2,2,5,"John Day",1,76,"Escherichia coli","Water","Surface Water",NA,"Final",NA,NA,2008-06-26,1901-01-01 10:50:00,NA,NA,"15",15,"=","MPN/100ml",NA,"NULL","Data of known Quality; meets QC limits established in a DEQ approved QAPP.","DQL=A",406,126,NA,NA,NA,NA,NA,"Valid",126,15,NA,2,1,2008-03-28
"91","OregonDEQ","11017-ORDEQ","North Fork John Day River at Kimberly","River/Stream","Birch Creek-North Fork John Day River",1829,"OR_SR_1707020210_05_101613                        ",2,2,2,5,"John Day",1,76,"Escherichia coli","Water","Surface Water",NA,"Final",NA,NA,2009-08-27,1901-01-01 10:26:00,NA,NA,"13",13,"=","MPN/100ml",NA,"NULL","Data of known Quality; meets QC limits established in a DEQ approved QAPP.","DQL=A",406,126,NA,NA,NA,NA,NA,"Valid",126,13,NA,2,1,2009-05-29
"92","OregonDEQ","11017-ORDEQ","North Fork John Day River at Kimberly","River/Stream","Birch Creek-North Fork John Day River",1829,"OR_SR_1707020210_05_101613                        ",2,2,2,5,"John Day",1,76,"Escherichia coli","Water","Surface Water",NA,"Final",NA,NA,2009-10-29,1901-01-01 09:15:00,NA,NA,"16",16,"=","MPN/100ml",NA,"NULL","Data of known Quality; meets QC limits established in a DEQ approved QAPP.","DQL=A",406,126,NA,NA,NA,NA,NA,"Valid",126,16,NA,2,1,2009-07-31
"93","OregonDEQ","11017-ORDEQ","North Fork John Day River at Kimberly","River/Stream","Birch Creek-North Fork John Day River",1829,"OR_SR_1707020210_05_101613                        ",2,2,2,5,"John Day",1,76,"Escherichia coli","Water","Surface Water",NA,"Final",NA,NA,2010-04-08,1901-01-01 11:25:00,NA,NA,"10",10,"=","MPN/100ml",NA,"NULL","Data of known Quality; meets QC limits established in a DEQ approved QAPP.","DQL=A",406,126,NA,NA,NA,NA,NA,"Valid",126,10,NA,2,1,2010-01-08
"94","OregonDEQ","11017-ORDEQ","North Fork John Day River at Kimberly","River/Stream","Birch Creek-North Fork John Day River",1829,"OR_SR_1707020210_05_101613                        ",2,2,2,5,"John Day",1,76,"Escherichia coli","Water","Surface Water",NA,"Final",NA,NA,2011-02-17,1901-01-01 09:31:00,NA,NA,"10",10,"=","MPN/100ml",NA,"NULL","Data of known Quality; meets QC limits established in a DEQ approved QAPP.","DQL=A",406,126,NA,NA,NA,NA,NA,"Valid",126,10,NA,2,1,2010-11-19
"95","OregonDEQ","11017-ORDEQ","North Fork John Day River at Kimberly","River/Stream","Birch Creek-North Fork John Day River",1829,"OR_SR_1707020210_05_101613                        ",2,2,2,5,"John Day",1,76,"Escherichia coli","Water","Surface Water",NA,"Final",NA,NA,2011-04-07,1901-01-01 11:25:00,NA,NA,"15",15,"=","MPN/100ml","Failed. Quality control criteria exceeded during analysis.","NULL","Data of known but lesser quality; Data may not meet established QC but is within marginal acceptance criteria; or data value may be accurate, however controls used to measure Data Quality Objective (DQO) elements failed (e.g., batch failed to meet blank QC limit);","DQL=B",406,126,NA,NA,NA,NA,NA,"Valid",126,15,NA,2,1,2011-01-07
"96","OregonDEQ","11017-ORDEQ","North Fork John Day River at Kimberly","River/Stream","Birch Creek-North Fork John Day River",1829,"OR_SR_1707020210_05_101613                        ",2,2,2,5,"John Day",1,76,"Escherichia coli","Water","Surface Water",NA,"Final",NA,NA,2012-02-16,1901-01-01 09:06:00,NA,NA,"10",10,"=","MPN/100ml",NA,"NULL","Data of known Quality; meets QC limits established in a DEQ approved QAPP.","DQL=A",406,126,NA,NA,NA,NA,NA,"Valid",126,10,NA,2,1,2011-11-18
"97","OregonDEQ","11017-ORDEQ","North Fork John Day River at Kimberly","River/Stream","Birch Creek-North Fork John Day River",1829,"OR_SR_1707020210_05_101613                        ",2,2,2,5,"John Day",1,76,"Escherichia coli","Water","Surface Water",NA,"Final",NA,NA,2010-08-26,1901-01-01 10:45:00,NA,NA,"24",24,"=","MPN/100ml","Failed. Quality control criteria exceeded during analysis.","NULL","Data of known but lesser quality; Data may not meet established QC but is within marginal acceptance criteria; or data value may be accurate, however controls used to measure Data Quality Objective (DQO) elements failed (e.g., batch failed to meet blank QC limit);","DQL=B",406,126,NA,NA,NA,NA,NA,"Valid",126,24,NA,2,1,2010-05-28
"98","OregonDEQ","11017-ORDEQ","North Fork John Day River at Kimberly","River/Stream","Birch Creek-North Fork John Day River",1829,"OR_SR_1707020210_05_101613                        ",2,2,2,5,"John Day",1,76,"Escherichia coli","Water","Surface Water",NA,"Final",NA,NA,2010-10-14,1901-01-01 09:06:00,NA,NA,"20",20,"=","MPN/100ml",NA,"NULL","Data of known Quality; meets QC limits established in a DEQ approved QAPP.","DQL=A",406,126,NA,NA,NA,NA,NA,"Valid",126,20,NA,2,1,2010-07-16
"99","OregonDEQ","11017-ORDEQ","North Fork John Day River at Kimberly","River/Stream","Birch Creek-North Fork John Day River",1829,"OR_SR_1707020210_05_101613                        ",2,2,2,5,"John Day",1,76,"Escherichia coli","Water","Surface Water",NA,"Final",NA,NA,2011-06-30,1901-01-01 08:52:00,NA,NA,"17",17,"=","MPN/100ml",NA,"NULL","Data of known Quality; meets QC limits established in a DEQ approved QAPP.","DQL=A",406,126,NA,NA,NA,NA,NA,"Valid",126,17,NA,2,1,2011-04-01
"100","OregonDEQ","11017-ORDEQ","North Fork John Day River at Kimberly","River/Stream","Birch Creek-North Fork John Day River",1829,"OR_SR_1707020210_05_101613                        ",2,2,2,5,"John Day",1,76,"Escherichia coli","Water","Surface Water",NA,"Final",NA,NA,2011-10-13,1901-01-01 09:27:00,NA,NA,"23",23,"=","MPN/100ml",NA,"NULL","Data of known Quality; meets QC limits established in a DEQ approved QAPP.","DQL=A",406,126,NA,NA,NA,NA,NA,"Valid",126,23,NA,2,1,2011-07-15
"101","OregonDEQ","11017-ORDEQ","North Fork John Day River at Kimberly","River/Stream","Birch Creek-North Fork John Day River",1829,"OR_SR_1707020210_05_101613                        ",2,2,2,5,"John Day",1,76,"Escherichia coli","Water","Surface Water",NA,"Final",NA,NA,2012-04-26,1901-01-01 09:39:00,NA,NA,"28",28,"=","MPN/100ml",NA,"NULL","Data of known Quality; meets QC limits established in a DEQ approved QAPP.","DQL=A",406,126,NA,NA,NA,NA,NA,"Valid",126,28,NA,2,1,2012-01-27
"102","OregonDEQ","11017-ORDEQ","North Fork John Day River at Kimberly","River/Stream","Birch Creek-North Fork John Day River",1829,"OR_SR_1707020210_05_101613                        ",2,2,2,5,"John Day",1,76,"Escherichia coli","Water","Surface Water",NA,"Final",NA,NA,2009-06-04,1901-01-01 09:19:00,NA,NA,"38",38,"=","MPN/100ml",NA,"NULL","Data of known Quality; meets QC limits established in a DEQ approved QAPP.","DQL=A",406,126,NA,NA,NA,NA,NA,"Valid",126,38,NA,2,1,2009-03-06
"103","OregonDEQ","11017-ORDEQ","North Fork John Day River at Kimberly","River/Stream","Birch Creek-North Fork John Day River",1829,"OR_SR_1707020210_05_101613                        ",2,2,2,5,"John Day",1,76,"Escherichia coli","Water","Surface Water",NA,"Final",NA,NA,2012-06-14,1901-01-01 09:22:00,NA,NA,"42",42,"=","MPN/100ml",NA,"NULL","Data of known Quality; meets QC limits established in a DEQ approved QAPP.","DQL=A",406,126,NA,NA,NA,NA,NA,"Valid",126,42,NA,2,1,2012-03-16
"104","OregonDEQ","11017-ORDEQ","North Fork John Day River at Kimberly","River/Stream","Birch Creek-North Fork John Day River",1829,"OR_SR_1707020210_05_101613                        ",2,2,2,5,"John Day",1,76,"Escherichia coli","Water","Surface Water",NA,"Final",NA,NA,2012-08-30,1901-01-01 09:06:00,NA,NA,"35",35,"=","MPN/100ml","Failed. Quality control criteria exceeded during analysis.","NULL","Data of known but lesser quality; Data may not meet established QC but is within marginal acceptance criteria; or data value may be accurate, however controls used to measure Data Quality Objective (DQO) elements failed (e.g., batch failed to meet blank QC limit);","DQL=B",406,126,NA,NA,NA,NA,NA,"Valid",126,35,NA,2,1,2012-06-01
"105","OregonDEQ","11017-ORDEQ","North Fork John Day River at Kimberly","River/Stream","Birch Creek-North Fork John Day River",1829,"OR_SR_1707020210_05_101613                        ",2,2,2,5,"John Day",1,76,"Escherichia coli","Water","Surface Water",NA,"Final",NA,NA,2012-10-11,1901-01-01 09:51:00,NA,NA,"40",40,"=","MPN/100ml","Failed. Quality control criteria exceeded during analysis.","NULL","Data of known but lesser quality; Data may not meet established QC but is within marginal acceptance criteria; or data value may be accurate, however controls used to measure Data Quality Objective (DQO) elements failed (e.g., batch failed to meet blank QC limit);","DQL=B",406,126,NA,NA,NA,NA,NA,"Valid",126,40,NA,2,1,2012-07-13
"106","OregonDEQ","11017-ORDEQ","North Fork John Day River at Kimberly","River/Stream","Birch Creek-North Fork John Day River",1829,"OR_SR_1707020210_05_101613                        ",2,2,2,5,"John Day",1,76,"Escherichia coli","Water","Surface Water",NA,"Final",NA,NA,2009-04-09,1901-01-01 11:40:00,NA,NA,"86",86,"=","MPN/100ml",NA,"NULL","Data of known Quality; meets QC limits established in a DEQ approved QAPP.","DQL=A",406,126,NA,NA,NA,NA,NA,"Valid",126,86,NA,2,1,2009-01-09
"107","OregonDEQ","11017-ORDEQ","North Fork John Day River at Kimberly","River/Stream","Birch Creek-North Fork John Day River",1829,"OR_SR_1707020210_05_101613                        ",2,2,2,5,"John Day",1,76,"Escherichia coli","Water","Surface Water",NA,"Final",NA,NA,2010-06-10,1901-01-01 10:28:00,NA,NA,"70",70,"=","MPN/100ml",NA,"NULL","Data of known Quality; meets QC limits established in a DEQ approved QAPP.","DQL=A",406,126,NA,NA,NA,NA,NA,"Valid",126,70,NA,2,1,2010-03-12
"108","OregonDEQ","11017-ORDEQ","North Fork John Day River at Kimberly","River/Stream","Birch Creek-North Fork John Day River",1829,"OR_SR_1707020210_05_101613                        ",2,2,2,5,"John Day",1,76,"Escherichia coli","Water","Surface Water",NA,"Final",NA,NA,2010-12-16,1901-01-01 10:30:00,NA,NA,"56",56,"=","MPN/100ml",NA,"NULL","Data of known Quality; meets QC limits established in a DEQ approved QAPP.","DQL=A",406,126,NA,NA,NA,NA,NA,"Valid",126,56,NA,2,1,2010-09-17
"109","OregonDEQ","36787-ORDEQ","Rock Creek at mouth","River/Stream","French Charlie Canyon-Rock Creek",411,"OR_SR_1707020410_05_101701                        ",2,2,2,5,"John Day",1,76,"Escherichia coli","Water","Surface Water",NA,"Final",NA,NA,2012-02-28,1901-01-01 10:15:00,NA,NA,"5",5,"=","MPN/100ml",NA,"NULL","Data of known Quality; meets QC limits established in a DEQ approved QAPP.","DQL=A",406,126,NA,NA,NA,NA,NA,"Valid",126,5,NA,1,1,2011-11-30
"110","OregonDEQ","36787-ORDEQ","Rock Creek at mouth","River/Stream","French Charlie Canyon-Rock Creek",411,"OR_SR_1707020410_05_101701                        ",2,2,2,5,"John Day",1,76,"Escherichia coli","Water","Surface Water",NA,"Final",NA,NA,2011-10-17,1901-01-01 12:40:00,NA,NA,"21",21,"=","MPN/100ml","Failed. Quality control criteria exceeded during analysis.","NULL","Data of known but lesser quality; Data may not meet established QC but is within marginal acceptance criteria; or data value may be accurate, however controls used to measure Data Quality Objective (DQO) elements failed (e.g., batch failed to meet blank QC limit);","DQL=B",406,126,NA,NA,NA,NA,NA,"Valid",126,21,NA,1,1,2011-07-19
"111","OregonDEQ","36787-ORDEQ","Rock Creek at mouth","River/Stream","French Charlie Canyon-Rock Creek",411,"OR_SR_1707020410_05_101701                        ",2,2,2,5,"John Day",1,76,"Escherichia coli","Water","Surface Water",NA,"Final",NA,NA,2012-04-04,1901-01-01 10:35:00,NA,NA,"22",22,"=","MPN/100ml",NA,"NULL","Data of known Quality; meets QC limits established in a DEQ approved QAPP.","DQL=A",406,126,NA,NA,NA,NA,NA,"Valid",126,22,NA,2,1,2012-01-05
"112","OregonDEQ","36787-ORDEQ","Rock Creek at mouth","River/Stream","French Charlie Canyon-Rock Creek",411,"OR_SR_1707020410_05_101701                        ",2,2,2,5,"John Day",1,76,"Escherichia coli","Water","Surface Water",NA,"Final",NA,NA,2012-06-06,1901-01-01 12:15:00,NA,NA,"24",24,"=","MPN/100ml",NA,"NULL","Data of known Quality; meets QC limits established in a DEQ approved QAPP.","DQL=A",406,126,NA,NA,NA,NA,NA,"Valid",126,24,NA,2,1,2012-03-08
"113","OregonDEQ","36787-ORDEQ","Rock Creek at mouth","River/Stream","French Charlie Canyon-Rock Creek",411,"OR_SR_1707020410_05_101701                        ",2,2,2,5,"John Day",1,76,"Escherichia coli","Water","Surface Water",NA,"Final",NA,NA,2012-10-16,1901-01-01 10:19:00,NA,NA,"93",93,"=","MPN/100ml","Failed. Quality control criteria exceeded during analysis.","NULL","Data of known but lesser quality; Data may not meet established QC but is within marginal acceptance criteria; or data value may be accurate, however controls used to measure Data Quality Objective (DQO) elements failed (e.g., batch failed to meet blank QC limit);","DQL=B",406,126,NA,NA,NA,NA,NA,"Valid",126,93,NA,2,1,2012-07-18
"114","OregonDEQ","36787-ORDEQ","Rock Creek at mouth","River/Stream","French Charlie Canyon-Rock Creek",411,"OR_SR_1707020410_05_101701                        ",2,2,2,5,"John Day",1,76,"Escherichia coli","Water","Surface Water",NA,"Final",NA,NA,2012-08-07,1901-01-01 10:12:00,NA,NA,"214",214,"=","MPN/100ml",NA,"NULL","Data of known Quality; meets QC limits established in a DEQ approved QAPP.","DQL=A",406,126,NA,NA,NA,NA,NA,"Valid",126,214,NA,2,1,2012-05-09
"115","OregonDEQ","11479-ORDEQ","John Day River upstream of Dayville","River/Stream","Stockdale Creek-John Day River",2382,"OR_SR_1707020110_05_101552                        ",2,2,2,5,"John Day",1,76,"Escherichia coli","Water","Surface Water",NA,"Final",NA,NA,2008-08-28,1901-01-01 10:17:00,NA,NA,"12",12,"=","MPN/100ml","Failed. Quality control criteria exceeded during analysis.","NULL","Data of known but lesser quality; Data may not meet established QC but is within marginal acceptance criteria; or data value may be accurate, however controls used to measure Data Quality Objective (DQO) elements failed (e.g., batch failed to meet blank QC limit);","DQL=B",406,126,NA,NA,NA,NA,NA,"Valid",126,12,NA,2,1,2008-05-30
"116","OregonDEQ","11479-ORDEQ","John Day River upstream of Dayville","River/Stream","Stockdale Creek-John Day River",2382,"OR_SR_1707020110_05_101552                        ",2,2,2,5,"John Day",1,76,"Escherichia coli","Water","Surface Water",NA,"Final",NA,NA,2009-02-12,1901-01-01 08:15:00,NA,NA,"12",12,"=","MPN/100ml","Failed. Quality control criteria exceeded during analysis.","NULL","Data of known but lesser quality; Data may not meet established QC but is within marginal acceptance criteria; or data value may be accurate, however controls used to measure Data Quality Objective (DQO) elements failed (e.g., batch failed to meet blank QC limit);","DQL=B",406,126,NA,NA,NA,NA,NA,"Valid",126,12,NA,2,1,2008-11-14
"117","OregonDEQ","11479-ORDEQ","John Day River upstream of Dayville","River/Stream","Stockdale Creek-John Day River",2382,"OR_SR_1707020110_05_101552                        ",2,2,2,5,"John Day",1,76,"Escherichia coli","Water","Surface Water",NA,"Final",NA,NA,2011-02-17,1901-01-01 08:11:00,NA,NA,"17",17,"=","MPN/100ml",NA,"NULL","Data of known Quality; meets QC limits established in a DEQ approved QAPP.","DQL=A",406,126,NA,NA,NA,NA,NA,"Valid",126,17,NA,2,1,2010-11-19
"118","OregonDEQ","11479-ORDEQ","John Day River upstream of Dayville","River/Stream","Stockdale Creek-John Day River",2382,"OR_SR_1707020110_05_101552                        ",2,2,2,5,"John Day",1,76,"Escherichia coli","Water","Surface Water",NA,"Final",NA,NA,2008-02-07,1901-01-01 09:10:00,NA,NA,"36",36,"=","MPN/100ml",NA,"NULL","Data of known Quality; meets QC limits established in a DEQ approved QAPP.","DQL=A",406,126,NA,NA,NA,NA,NA,"Valid",126,36,NA,1,1,2007-11-09
"119","OregonDEQ","11479-ORDEQ","John Day River upstream of Dayville","River/Stream","Stockdale Creek-John Day River",2382,"OR_SR_1707020110_05_101552                        ",2,2,2,5,"John Day",1,76,"Escherichia coli","Water","Surface Water",NA,"Final",NA,NA,2008-12-11,1901-01-01 07:50:00,NA,NA,"48",48,"=","MPN/100ml",NA,"NULL","Data of known Quality; meets QC limits established in a DEQ approved QAPP.","DQL=A",406,126,NA,NA,NA,NA,NA,"Valid",126,48,NA,2,1,2008-09-12
"120","OregonDEQ","11479-ORDEQ","John Day River upstream of Dayville","River/Stream","Stockdale Creek-John Day River",2382,"OR_SR_1707020110_05_101552                        ",2,2,2,5,"John Day",1,76,"Escherichia coli","Water","Surface Water",NA,"Final",NA,NA,2009-08-27,1901-01-01 07:57:00,NA,NA,"49",49,"=","MPN/100ml","Failed. Quality control criteria exceeded during analysis.","NULL","Data of known but lesser quality; Data may not meet established QC but is within marginal acceptance criteria; or data value may be accurate, however controls used to measure Data Quality Objective (DQO) elements failed (e.g., batch failed to meet blank QC limit);","DQL=B",406,126,NA,NA,NA,NA,NA,"Valid",126,49,NA,2,1,2009-05-29
"121","OregonDEQ","11479-ORDEQ","John Day River upstream of Dayville","River/Stream","Stockdale Creek-John Day River",2382,"OR_SR_1707020110_05_101552                        ",2,2,2,5,"John Day",1,76,"Escherichia coli","Water","Surface Water",NA,"Final",NA,NA,2009-10-29,1901-01-01 08:10:00,NA,NA,"50",50,"=","MPN/100ml",NA,"NULL","Data of known Quality; meets QC limits established in a DEQ approved QAPP.","DQL=A",406,126,NA,NA,NA,NA,NA,"Valid",126,50,NA,2,1,2009-07-31
"122","OregonDEQ","11479-ORDEQ","John Day River upstream of Dayville","River/Stream","Stockdale Creek-John Day River",2382,"OR_SR_1707020110_05_101552                        ",2,2,2,5,"John Day",1,76,"Escherichia coli","Water","Surface Water",NA,"Final",NA,NA,2010-02-25,1901-01-01 08:30:00,NA,NA,"46",46,"=","MPN/100ml","Failed. Quality control criteria exceeded during analysis.","NULL","Data of known but lesser quality; Data may not meet established QC but is within marginal acceptance criteria; or data value may be accurate, however controls used to measure Data Quality Objective (DQO) elements failed (e.g., batch failed to meet blank QC limit);","DQL=B",406,126,NA,NA,NA,NA,NA,"Valid",126,46,NA,1,1,2009-11-27
"123","OregonDEQ","11479-ORDEQ","John Day River upstream of Dayville","River/Stream","Stockdale Creek-John Day River",2382,"OR_SR_1707020110_05_101552                        ",2,2,2,5,"John Day",1,76,"Escherichia coli","Water","Surface Water",NA,"Final",NA,NA,2010-10-14,1901-01-01 07:37:00,NA,NA,"50",50,"=","MPN/100ml","Failed. Quality control criteria exceeded during analysis.","NULL","Data of known but lesser quality; Data may not meet established QC but is within marginal acceptance criteria; or data value may be accurate, however controls used to measure Data Quality Objective (DQO) elements failed (e.g., batch failed to meet blank QC limit);","DQL=B",406,126,NA,NA,NA,NA,NA,"Valid",126,50,NA,2,1,2010-07-16
"124","OregonDEQ","11479-ORDEQ","John Day River upstream of Dayville","River/Stream","Stockdale Creek-John Day River",2382,"OR_SR_1707020110_05_101552                        ",2,2,2,5,"John Day",1,76,"Escherichia coli","Water","Surface Water",NA,"Final",NA,NA,2010-12-16,1901-01-01 08:30:00,NA,NA,"33",33,"=","MPN/100ml","Failed. Quality control criteria exceeded during analysis.","NULL","Data of known but lesser quality; Data may not meet established QC but is within marginal acceptance criteria; or data value may be accurate, however controls used to measure Data Quality Objective (DQO) elements failed (e.g., batch failed to meet blank QC limit);","DQL=B",406,126,NA,NA,NA,NA,NA,"Valid",126,33,NA,2,1,2010-09-17
"125","OregonDEQ","11479-ORDEQ","John Day River upstream of Dayville","River/Stream","Stockdale Creek-John Day River",2382,"OR_SR_1707020110_05_101552                        ",2,2,2,5,"John Day",1,76,"Escherichia coli","Water","Surface Water",NA,"Final",NA,NA,2011-04-07,1901-01-01 09:00:00,NA,NA,"42",42,"=","MPN/100ml","Failed. Quality control criteria exceeded during analysis.","NULL","Data of known but lesser quality; Data may not meet established QC but is within marginal acceptance criteria; or data value may be accurate, however controls used to measure Data Quality Objective (DQO) elements failed (e.g., batch failed to meet blank QC limit);","DQL=B",406,126,NA,NA,NA,NA,NA,"Valid",126,42,NA,2,1,2011-01-07
"126","OregonDEQ","11479-ORDEQ","John Day River upstream of Dayville","River/Stream","Stockdale Creek-John Day River",2382,"OR_SR_1707020110_05_101552                        ",2,2,2,5,"John Day",1,76,"Escherichia coli","Water","Surface Water",NA,"Final",NA,NA,2008-10-30,1901-01-01 11:20:00,NA,NA,"66",66,"=","MPN/100ml",NA,"NULL","Data of known Quality; meets QC limits established in a DEQ approved QAPP.","DQL=A",406,126,NA,NA,NA,NA,NA,"Valid",126,66,NA,2,1,2008-08-01
"127","OregonDEQ","11479-ORDEQ","John Day River upstream of Dayville","River/Stream","Stockdale Creek-John Day River",2382,"OR_SR_1707020110_05_101552                        ",2,2,2,5,"John Day",1,76,"Escherichia coli","Water","Surface Water",NA,"Final",NA,NA,2010-04-08,1901-01-01 09:45:00,NA,NA,"82",82,"=","MPN/100ml",NA,"NULL","Data of known Quality; meets QC limits established in a DEQ approved QAPP.","DQL=A",406,126,NA,NA,NA,NA,NA,"Valid",126,82,NA,2,1,2010-01-08
"128","OregonDEQ","11479-ORDEQ","John Day River upstream of Dayville","River/Stream","Stockdale Creek-John Day River",2382,"OR_SR_1707020110_05_101552                        ",2,2,2,5,"John Day",1,76,"Escherichia coli","Water","Surface Water",NA,"Final",NA,NA,2010-08-26,1901-01-01 08:15:00,NA,NA,"58",58,"=","MPN/100ml","Failed. Quality control criteria exceeded during analysis.","NULL","Data of known but lesser quality; Data may not meet established QC but is within marginal acceptance criteria; or data value may be accurate, however controls used to measure Data Quality Objective (DQO) elements failed (e.g., batch failed to meet blank QC limit);","DQL=B",406,126,NA,NA,NA,NA,NA,"Valid",126,58,NA,2,1,2010-05-28
"129","OregonDEQ","11479-ORDEQ","John Day River upstream of Dayville","River/Stream","Stockdale Creek-John Day River",2382,"OR_SR_1707020110_05_101552                        ",2,2,2,5,"John Day",1,76,"Escherichia coli","Water","Surface Water",NA,"Final",NA,NA,2011-08-25,1901-01-01 08:23:00,NA,NA,"73",73,"=","MPN/100ml","Failed. Quality control criteria exceeded during analysis.","NULL","Data of known but lesser quality; Data may not meet established QC but is within marginal acceptance criteria; or data value may be accurate, however controls used to measure Data Quality Objective (DQO) elements failed (e.g., batch failed to meet blank QC limit);","DQL=B",406,126,NA,NA,NA,NA,NA,"Valid",126,73,NA,2,1,2011-05-27
"130","OregonDEQ","11479-ORDEQ","John Day River upstream of Dayville","River/Stream","Stockdale Creek-John Day River",2382,"OR_SR_1707020110_05_101552                        ",2,2,2,5,"John Day",1,76,"Escherichia coli","Water","Surface Water",NA,"Final",NA,NA,2011-10-13,1901-01-01 08:11:00,NA,NA,"57",57,"=","MPN/100ml","Failed. Quality control criteria exceeded during analysis.","NULL","Data of known but lesser quality; Data may not meet established QC but is within marginal acceptance criteria; or data value may be accurate, however controls used to measure Data Quality Objective (DQO) elements failed (e.g., batch failed to meet blank QC limit);","DQL=B",406,126,NA,NA,NA,NA,NA,"Valid",126,57,NA,2,1,2011-07-15
"131","OregonDEQ","11479-ORDEQ","John Day River upstream of Dayville","River/Stream","Stockdale Creek-John Day River",2382,"OR_SR_1707020110_05_101552                        ",2,2,2,5,"John Day",1,76,"Escherichia coli","Water","Surface Water",NA,"Final",NA,NA,2011-12-15,1901-01-01 07:54:00,NA,NA,"61",61,"=","MPN/100ml",NA,"NULL","Data of known Quality; meets QC limits established in a DEQ approved QAPP.","DQL=A",406,126,NA,NA,NA,NA,NA,"Valid",126,61,NA,2,1,2011-09-16
"132","OregonDEQ","11479-ORDEQ","John Day River upstream of Dayville","River/Stream","Stockdale Creek-John Day River",2382,"OR_SR_1707020110_05_101552                        ",2,2,2,5,"John Day",1,76,"Escherichia coli","Water","Surface Water",NA,"Final",NA,NA,2012-02-16,1901-01-01 07:54:00,NA,NA,"55",55,"=","MPN/100ml",NA,"NULL","Data of known Quality; meets QC limits established in a DEQ approved QAPP.","DQL=A",406,126,NA,NA,NA,NA,NA,"Valid",126,55,NA,2,1,2011-11-18
"133","OregonDEQ","11479-ORDEQ","John Day River upstream of Dayville","River/Stream","Stockdale Creek-John Day River",2382,"OR_SR_1707020110_05_101552                        ",2,2,2,5,"John Day",1,76,"Escherichia coli","Water","Surface Water",NA,"Final",NA,NA,2012-06-14,1901-01-01 07:15:00,NA,NA,"88",88,"=","MPN/100ml","Failed. Quality control criteria exceeded during analysis.","NULL","Data of known but lesser quality; Data may not meet established QC but is within marginal acceptance criteria; or data value may be accurate, however controls used to measure Data Quality Objective (DQO) elements failed (e.g., batch failed to meet blank QC limit);","DQL=B",406,126,NA,NA,NA,NA,NA,"Valid",126,88,NA,2,1,2012-03-16
"134","OregonDEQ","11479-ORDEQ","John Day River upstream of Dayville","River/Stream","Stockdale Creek-John Day River",2382,"OR_SR_1707020110_05_101552                        ",2,2,2,5,"John Day",1,76,"Escherichia coli","Water","Surface Water",NA,"Final",NA,NA,2012-10-11,1901-01-01 08:00:00,NA,NA,"88",88,"=","MPN/100ml","Failed. Quality control criteria exceeded during analysis.","NULL","Data of known but lesser quality; Data may not meet established QC but is within marginal acceptance criteria; or data value may be accurate, however controls used to measure Data Quality Objective (DQO) elements failed (e.g., batch failed to meet blank QC limit);","DQL=B",406,126,NA,NA,NA,NA,NA,"Valid",126,88,NA,2,1,2012-07-13
"135","OregonDEQ","11479-ORDEQ","John Day River upstream of Dayville","River/Stream","Stockdale Creek-John Day River",2382,"OR_SR_1707020110_05_101552                        ",2,2,2,5,"John Day",1,76,"Escherichia coli","Water","Surface Water",NA,"Final",NA,NA,2008-06-26,1901-01-01 08:50:00,NA,NA,"91",91,"=","MPN/100ml","Failed. Quality control criteria exceeded during analysis.","NULL","Data of known but lesser quality; Data may not meet established QC but is within marginal acceptance criteria; or data value may be accurate, however controls used to measure Data Quality Objective (DQO) elements failed (e.g., batch failed to meet blank QC limit);","DQL=B",406,126,NA,NA,NA,NA,NA,"Valid",126,91,NA,2,1,2008-03-28
"136","OregonDEQ","11479-ORDEQ","John Day River upstream of Dayville","River/Stream","Stockdale Creek-John Day River",2382,"OR_SR_1707020110_05_101552                        ",2,2,2,5,"John Day",1,76,"Escherichia coli","Water","Surface Water",NA,"Final",NA,NA,2011-06-30,1901-01-01 07:00:00,NA,NA,"99",99,"=","MPN/100ml","Failed. Quality control criteria exceeded during analysis.","NULL","Data of known but lesser quality; Data may not meet established QC but is within marginal acceptance criteria; or data value may be accurate, however controls used to measure Data Quality Objective (DQO) elements failed (e.g., batch failed to meet blank QC limit);","DQL=B",406,126,NA,NA,NA,NA,NA,"Valid",126,99,NA,2,1,2011-04-01
"137","OregonDEQ","11479-ORDEQ","John Day River upstream of Dayville","River/Stream","Stockdale Creek-John Day River",2382,"OR_SR_1707020110_05_101552                        ",2,2,2,5,"John Day",1,76,"Escherichia coli","Water","Surface Water",NA,"Final",NA,NA,2008-04-17,1901-01-01 09:35:00,NA,NA,"186",186,"=","MPN/100ml",NA,"NULL","Data of known Quality; meets QC limits established in a DEQ approved QAPP.","DQL=A",406,126,NA,NA,NA,NA,NA,"Valid",126,186,NA,2,1,2008-01-18
"138","OregonDEQ","11479-ORDEQ","John Day River upstream of Dayville","River/Stream","Stockdale Creek-John Day River",2382,"OR_SR_1707020110_05_101552                        ",2,2,2,5,"John Day",1,76,"Escherichia coli","Water","Surface Water",NA,"Final",NA,NA,2010-06-10,1901-01-01 08:43:00,NA,NA,"228",228,"=","MPN/100ml","Failed. Quality control criteria exceeded during analysis.","NULL","Data of known but lesser quality; Data may not meet established QC but is within marginal acceptance criteria; or data value may be accurate, however controls used to measure Data Quality Objective (DQO) elements failed (e.g., batch failed to meet blank QC limit);","DQL=B",406,126,NA,NA,NA,NA,NA,"Valid",126,228,NA,2,1,2010-03-12
"139","OregonDEQ","11479-ORDEQ","John Day River upstream of Dayville","River/Stream","Stockdale Creek-John Day River",2382,"OR_SR_1707020110_05_101552                        ",2,2,2,5,"John Day",1,76,"Escherichia coli","Water","Surface Water",NA,"Final",NA,NA,2009-06-04,1901-01-01 07:45:00,NA,NA,"488",488,"=","MPN/100ml","Failed. Quality control criteria exceeded during analysis.","NULL","Data of known but lesser quality; Data may not meet established QC but is within marginal acceptance criteria; or data value may be accurate, however controls used to measure Data Quality Objective (DQO) elements failed (e.g., batch failed to meet blank QC limit);","DQL=B",406,126,NA,NA,NA,NA,NA,"Valid",126,488,NA,2,1,2009-03-06
"140","OregonDEQ","11479-ORDEQ","John Day River upstream of Dayville","River/Stream","Stockdale Creek-John Day River",2382,"OR_SR_1707020110_05_101552                        ",2,2,2,5,"John Day",1,76,"Escherichia coli","Water","Surface Water",NA,"Final",NA,NA,2012-04-26,1901-01-01 08:15:00,NA,NA,"488",488,"=","MPN/100ml","Failed. Quality control criteria exceeded during analysis.","NULL","Data of known but lesser quality; Data may not meet established QC but is within marginal acceptance criteria; or data value may be accurate, however controls used to measure Data Quality Objective (DQO) elements failed (e.g., batch failed to meet blank QC limit);","DQL=B",406,126,NA,NA,NA,NA,NA,"Valid",126,488,NA,2,1,2012-01-27
"141","OregonDEQ","11479-ORDEQ","John Day River upstream of Dayville","River/Stream","Stockdale Creek-John Day River",2382,"OR_SR_1707020110_05_101552                        ",2,2,2,5,"John Day",1,76,"Escherichia coli","Water","Surface Water",NA,"Final",NA,NA,2012-08-30,1901-01-01 07:45:00,NA,NA,"649",649,"=","MPN/100ml","Failed. Quality control criteria exceeded during analysis.","NULL","Data of known but lesser quality; Data may not meet established QC but is within marginal acceptance criteria; or data value may be accurate, however controls used to measure Data Quality Objective (DQO) elements failed (e.g., batch failed to meet blank QC limit);","DQL=B",406,126,NA,NA,NA,NA,NA,"Valid",126,649,NA,2,1,2012-06-01
"142","OregonDEQ","11479-ORDEQ","John Day River upstream of Dayville","River/Stream","Stockdale Creek-John Day River",2382,"OR_SR_1707020110_05_101552                        ",2,2,2,5,"John Day",1,76,"Escherichia coli","Water","Surface Water",NA,"Final",NA,NA,2009-04-09,1901-01-01 09:30:00,NA,NA,"1300",1300,"=","MPN/100ml",NA,"NULL","Data of known Quality; meets QC limits established in a DEQ approved QAPP.","DQL=A",406,126,NA,NA,NA,NA,NA,"Valid",126,1300,NA,2,1,2009-01-09
