"ASSESSMENT_UNIT_ID","PARAM_NAME","ACTION_ID","ACTION_TYPE","OWRD_Basin"
"OR_LK_1707010106_88_100132","AMMONIA",1362,"TMDL","Columbia River"
"OR_LK_1707010106_88_100132","PH",1362,"TMDL","Columbia River"
"OR_LK_1707010114_88_100140","DISSOLVED OXYGEN",39753,"TMDL","Columbia River"
"OR_LK_1707010114_88_100140","ESCHERICHIA COLI (E. COLI)",39753,"TMDL","Columbia River"
"OR_SR_1708000108_88_100673","ESCHERICHIA COLI (E. COLI)",11395,"TMDL","Columbia River"
"OR_SR_1708000302_88_100669","ESCHERICHIA COLI (E. COLI)",30674,"TMDL","Columbia River"
"OR_SR_1708000302_88_100670","ESCHERICHIA COLI (E. COLI)",30674,"TMDL","Columbia River"
"OR_SR_1708000302_88_100670","MERCURY",30674,"TMDL","Columbia River"
"OR_SR_1708000309_04_100666","ESCHERICHIA COLI (E. COLI)",9447,"TMDL","Columbia River"
"OR_WS_171200060101_05_106739","TEMPERATURE",2352,"TMDL","Goose & Summer Lakes"
"OR_SR_1706010403_02_103318","DISSOLVED OXYGEN",489,"TMDL","Grande Ronde"
"OR_SR_1706010403_02_103318","PH",489,"TMDL","Grande Ronde"
"OR_SR_1706010404_02_103553","DISSOLVED OXYGEN",489,"TMDL","Grande Ronde"
"OR_SR_1706010404_02_103553","PH",489,"TMDL","Grande Ronde"
"OR_SR_1706010405_02_103325","DISSOLVED OXYGEN",489,"TMDL","Grande Ronde"
"OR_SR_1706010405_02_103325","PH",489,"TMDL","Grande Ronde"
"OR_SR_1706010411_02_103339","DISSOLVED OXYGEN",489,"TMDL","Grande Ronde"
"OR_SR_1706010411_02_103339","ESCHERICHIA COLI (E. COLI)",39294,"TMDL","Grande Ronde"
"OR_SR_1706010411_02_103339","PH",489,"TMDL","Grande Ronde"
"OR_SR_1706010501_02_103344","ESCHERICHIA COLI (E. COLI)",39294,"TMDL","Grande Ronde"
"OR_SR_1706010501_02_103347","ESCHERICHIA COLI (E. COLI)",39294,"TMDL","Grande Ronde"
"OR_SR_1706010502_02_103348","ESCHERICHIA COLI (E. COLI)",39294,"TMDL","Grande Ronde"
"OR_SR_1706010503_02_103351","ESCHERICHIA COLI (E. COLI)",39294,"TMDL","Grande Ronde"
"OR_SR_1706010505_02_103361","ESCHERICHIA COLI (E. COLI)",39294,"TMDL","Grande Ronde"
"OR_SR_1706010506_02_103362","ESCHERICHIA COLI (E. COLI)",39294,"TMDL","Grande Ronde"
"OR_WS_170601040404_02_103447","DISSOLVED OXYGEN",489,"TMDL","Grande Ronde"
"OR_WS_170601040404_02_103447","PH",489,"TMDL","Grande Ronde"
"OR_WS_170601050102_02_103484","ESCHERICHIA COLI (E. COLI)",39294,"TMDL","Grande Ronde"
"OR_WS_170601050103_02_103485","ESCHERICHIA COLI (E. COLI)",39294,"TMDL","Grande Ronde"
"OR_WS_170601050104_02_103486","ESCHERICHIA COLI (E. COLI)",39294,"TMDL","Grande Ronde"
"OR_WS_170601050105_02_103487","ESCHERICHIA COLI (E. COLI)",39294,"TMDL","Grande Ronde"
"OR_SR_1707020104_05_101527","DISSOLVED OXYGEN",39753,"TMDL","John Day"
"OR_SR_1707020104_05_101527","ESCHERICHIA COLI (E. COLI)",39753,"TMDL","John Day"
"OR_SR_1707020107_05_101537","DISSOLVED OXYGEN",39753,"TMDL","John Day"
"OR_SR_1707020109_05_101547","DISSOLVED OXYGEN",39753,"TMDL","John Day"
"OR_SR_1707020109_05_101547","ESCHERICHIA COLI (E. COLI)",39753,"TMDL","John Day"
"OR_SR_1707020110_05_101552","DISSOLVED OXYGEN",39753,"TMDL","John Day"
"OR_SR_1707020110_05_101552","ESCHERICHIA COLI (E. COLI)",39753,"TMDL","John Day"
"OR_SR_1707020111_05_102568","DISSOLVED OXYGEN",39753,"TMDL","John Day"
"OR_SR_1707020202_05_101571","DISSOLVED OXYGEN",39753,"TMDL","John Day"
"OR_SR_1707020203_05_101574","DISSOLVED OXYGEN",39753,"TMDL","John Day"
"OR_SR_1707020210_05_101613","DISSOLVED OXYGEN",39753,"TMDL","John Day"
"OR_SR_1707020210_05_101613","ESCHERICHIA COLI (E. COLI)",39753,"TMDL","John Day"
"OR_SR_1707020303_05_101624","DISSOLVED OXYGEN",39753,"TMDL","John Day"
"OR_SR_1707020402_05_101644","DISSOLVED OXYGEN",39753,"TMDL","John Day"
"OR_SR_1707020402_05_101644","ESCHERICHIA COLI (E. COLI)",39753,"TMDL","John Day"
"OR_SR_1707020410_05_101700","DISSOLVED OXYGEN",39753,"TMDL","John Day"
"OR_SR_1707020410_05_101700","ESCHERICHIA COLI (E. COLI)",39753,"TMDL","John Day"
"OR_SR_1707020410_05_101701","DISSOLVED OXYGEN",39753,"TMDL","John Day"
"OR_SR_1707020410_05_101701","ESCHERICHIA COLI (E. COLI)",39753,"TMDL","John Day"
"OR_SR_1707020414_05_101712","DISSOLVED OXYGEN",39753,"TMDL","John Day"
"OR_SR_1707020414_05_101712","ESCHERICHIA COLI (E. COLI)",39753,"TMDL","John Day"
"OR_WS_170702010403_05_102035","DISSOLVED OXYGEN",39753,"TMDL","John Day"
"OR_LK_1801020412_88_100474","DISSOLVED OXYGEN",42375,"TMDL","Klamath"
"OR_LK_1801020412_88_100474","HARMFUL ALGAL BLOOMS",42375,"TMDL","Klamath"
"OR_LK_1801020604_05_100490","AMMONIA",42375,"TMDL","Klamath"
"OR_LK_1801020604_05_100491","AMMONIA",42375,"TMDL","Klamath"
"OR_LK_1801020604_05_100491","DISSOLVED OXYGEN",42375,"TMDL","Klamath"
"OR_LK_1801020604_05_100491","PH",42375,"TMDL","Klamath"
"OR_SR_1801020104_05_107179","TEMPERATURE",2352,"TMDL","Klamath"
"OR_SR_1801020106_05_106967","CHLOROPHYLL-A",2352,"TMDL","Klamath"
"OR_SR_1801020106_05_106967","DISSOLVED OXYGEN",2352,"TMDL","Klamath"
"OR_SR_1801020106_05_106967","PH",2352,"TMDL","Klamath"
"OR_SR_1801020106_05_106967","TEMPERATURE",2352,"TMDL","Klamath"
"OR_SR_1801020204_05_106972","DISSOLVED OXYGEN",2352,"TMDL","Klamath"
"OR_SR_1801020204_05_106973","DISSOLVED OXYGEN",2352,"TMDL","Klamath"
"OR_SR_1801020205_05_106976","DISSOLVED OXYGEN",2352,"TMDL","Klamath"
"OR_SR_1801020206_05_106977","DISSOLVED OXYGEN",2352,"TMDL","Klamath"
"OR_SR_1801020207_05_106978","CHLOROPHYLL-A",2352,"TMDL","Klamath"
"OR_SR_1801020207_05_106978","DISSOLVED OXYGEN",2352,"TMDL","Klamath"
"OR_SR_1801020207_05_106978","PH",2352,"TMDL","Klamath"
"OR_SR_1801020207_05_106978","TEMPERATURE",2352,"TMDL","Klamath"
"OR_SR_1801020301_05_106979","DISSOLVED OXYGEN",2352,"TMDL","Klamath"
"OR_SR_1801020303_88_106981","AMMONIA",42375,"TMDL","Klamath"
"OR_SR_1801020303_88_106981","CHLOROPHYLL-A",2352,"TMDL","Klamath"
"OR_SR_1801020303_88_106981","CHLOROPHYLL-A",42375,"TMDL","Klamath"
"OR_SR_1801020303_88_106981","DISSOLVED OXYGEN",2352,"TMDL","Klamath"
"OR_SR_1801020303_88_106981","DISSOLVED OXYGEN",42375,"TMDL","Klamath"
"OR_SR_1801020303_88_106981","PH",2352,"TMDL","Klamath"
"OR_SR_1801020303_88_106981","PH",42375,"TMDL","Klamath"
"OR_SR_1801020303_88_106981","TEMPERATURE",2352,"TMDL","Klamath"
"OR_SR_1801020405_05_107166","CHLOROPHYLL-A",42375,"TMDL","Klamath"
"OR_SR_1801020405_05_107166","PH",42375,"TMDL","Klamath"
"OR_SR_1801020406_05_106988","CHLOROPHYLL-A",42375,"TMDL","Klamath"
"OR_SR_1801020406_05_106988","PH",42375,"TMDL","Klamath"
"OR_SR_1801020407_05_107185","CHLOROPHYLL-A",42375,"TMDL","Klamath"
"OR_SR_1801020407_05_107185","PH",42375,"TMDL","Klamath"
"OR_SR_1801020409_05_107184","AMMONIA",42375,"TMDL","Klamath"
"OR_SR_1801020409_05_107184","CHLOROPHYLL-A",42375,"TMDL","Klamath"
"OR_SR_1801020409_05_107184","DISSOLVED OXYGEN",42375,"TMDL","Klamath"
"OR_SR_1801020409_05_107184","PH",42375,"TMDL","Klamath"
"OR_SR_1801020412_05_106990","CHLOROPHYLL-A",42375,"TMDL","Klamath"
"OR_SR_1801020412_05_106990","DISSOLVED OXYGEN",42375,"TMDL","Klamath"
"OR_SR_1801020412_05_106990","PH",42375,"TMDL","Klamath"
"OR_SR_1801020412_88_106991","AMMONIA",42375,"TMDL","Klamath"
"OR_SR_1801020412_88_106991","CHLOROPHYLL-A",42375,"TMDL","Klamath"
"OR_SR_1801020412_88_106991","DISSOLVED OXYGEN",42375,"TMDL","Klamath"
"OR_SR_1801020412_88_106991","HARMFUL ALGAL BLOOMS",42375,"TMDL","Klamath"
"OR_SR_1801020412_88_106991","PH",42375,"TMDL","Klamath"
"OR_SR_1801020412_88_106992","HARMFUL ALGAL BLOOMS",42375,"TMDL","Klamath"
"OR_SR_1801020602_05_107165","AMMONIA",42375,"TMDL","Klamath"
"OR_SR_1801020602_05_107165","CHLOROPHYLL-A",42375,"TMDL","Klamath"
"OR_SR_1801020602_05_107165","DISSOLVED OXYGEN",42375,"TMDL","Klamath"
"OR_SR_1801020602_05_107165","PH",42375,"TMDL","Klamath"
"OR_SR_1801020602_05_107167","CHLOROPHYLL-A",42375,"TMDL","Klamath"
"OR_SR_1801020602_05_107167","PH",42375,"TMDL","Klamath"
"OR_WS_180102010103_05_107012","TEMPERATURE",2352,"TMDL","Klamath"
"OR_WS_180102010104_05_107013","TEMPERATURE",2352,"TMDL","Klamath"
"OR_WS_180102010401_05_107026","TEMPERATURE",2352,"TMDL","Klamath"
"OR_WS_180102010502_05_107033","TEMPERATURE",2352,"TMDL","Klamath"
"OR_WS_180102010604_05_107038","TEMPERATURE",2352,"TMDL","Klamath"
"OR_WS_180102020405_05_107058","TEMPERATURE",2352,"TMDL","Klamath"
"OR_WS_180102020406_05_107059","TEMPERATURE",2352,"TMDL","Klamath"
"OR_WS_180102030101_05_107088","DISSOLVED OXYGEN",2352,"TMDL","Klamath"
"OR_WS_180102030101_05_107088","PH",2352,"TMDL","Klamath"
"OR_WS_180102030101_05_107088","TEMPERATURE",2352,"TMDL","Klamath"
"OR_WS_180102030102_05_107089","DISSOLVED OXYGEN",2352,"TMDL","Klamath"
"OR_WS_180102030102_05_107089","TEMPERATURE",2352,"TMDL","Klamath"
"OR_WS_180102030104_05_107091","TEMPERATURE",2352,"TMDL","Klamath"
"OR_WS_180102030105_05_107092","DISSOLVED OXYGEN",2352,"TMDL","Klamath"
"OR_WS_180102030105_05_107092","TEMPERATURE",2352,"TMDL","Klamath"
"OR_WS_180102030301_05_107096","TEMPERATURE",2352,"TMDL","Klamath"
"OR_WS_180102030309_05_107104","TEMPERATURE",2352,"TMDL","Klamath"
"OR_WS_180102041202_05_107133","DISSOLVED OXYGEN",42375,"TMDL","Klamath"
"OR_WS_180102041202_05_107133","PH",42375,"TMDL","Klamath"
"OR_WS_180102041403_05_107134","AMMONIA",42375,"TMDL","Klamath"
"OR_WS_180102041403_05_107134","CHLOROPHYLL-A",42375,"TMDL","Klamath"
"OR_WS_180102041403_05_107134","DISSOLVED OXYGEN",42375,"TMDL","Klamath"
"OR_WS_180102041403_05_107134","PH",42375,"TMDL","Klamath"
"OR_WS_180102060401_05_107143","AMMONIA",42375,"TMDL","Klamath"
"OR_WS_180102060401_05_107143","DISSOLVED OXYGEN",42375,"TMDL","Klamath"
"OR_WS_180102060401_05_107143","ESCHERICHIA COLI (E. COLI)",35887,"TMDL","Klamath"
"OR_WS_180102060401_05_107143","PH",42375,"TMDL","Klamath"
"OR_LK_1705011607_05_100553","ESCHERICHIA COLI (E. COLI)",39782,"TMDL","Malheur"
"OR_LK_1705011613_05_100568","ESCHERICHIA COLI (E. COLI)",39782,"TMDL","Malheur"
"OR_LK_1705011803_05_100573","ESCHERICHIA COLI (E. COLI)",39782,"TMDL","Malheur"
"OR_SR_1705011502_05_102745","DISSOLVED OXYGEN",39782,"TMDL","Malheur"
"OR_SR_1705011502_05_102745","ESCHERICHIA COLI (E. COLI)",39782,"TMDL","Malheur"
"OR_SR_1705011607_05_102752","DISSOLVED OXYGEN",39782,"TMDL","Malheur"
"OR_SR_1705011607_05_102752","ESCHERICHIA COLI (E. COLI)",39782,"TMDL","Malheur"
"OR_SR_1705011613_05_102759","DISSOLVED OXYGEN",39782,"TMDL","Malheur"
"OR_SR_1705011613_05_102759","ESCHERICHIA COLI (E. COLI)",39782,"TMDL","Malheur"
"OR_SR_1705011702_05_103270","ESCHERICHIA COLI (E. COLI)",39782,"TMDL","Malheur"
"OR_SR_1705011704_05_102767","DISSOLVED OXYGEN",39782,"TMDL","Malheur"
"OR_SR_1705011704_05_102767","ESCHERICHIA COLI (E. COLI)",39782,"TMDL","Malheur"
"OR_SR_1705011706_05_102769","DISSOLVED OXYGEN",39782,"TMDL","Malheur"
"OR_SR_1705011706_05_102769","ESCHERICHIA COLI (E. COLI)",39782,"TMDL","Malheur"
"OR_SR_1705011803_05_102777","DISSOLVED OXYGEN",39782,"TMDL","Malheur"
"OR_SR_1705011803_05_102777","ESCHERICHIA COLI (E. COLI)",39782,"TMDL","Malheur"
"OR_SR_1705011904_05_102785","ESCHERICHIA COLI (E. COLI)",39782,"TMDL","Malheur"
"OR_WS_170501150101_05_102966","ESCHERICHIA COLI (E. COLI)",39782,"TMDL","Malheur"
"OR_WS_170501150102_05_103233","ESCHERICHIA COLI (E. COLI)",39782,"TMDL","Malheur"
"OR_WS_170501150103_05_103232","ESCHERICHIA COLI (E. COLI)",39782,"TMDL","Malheur"
"OR_WS_170501150104_05_103269","ESCHERICHIA COLI (E. COLI)",39782,"TMDL","Malheur"
"OR_WS_170501150201_05_102967","ESCHERICHIA COLI (E. COLI)",39782,"TMDL","Malheur"
"OR_WS_170501150203_05_102968","ESCHERICHIA COLI (E. COLI)",39782,"TMDL","Malheur"
"OR_WS_170501150204_05_103272","ESCHERICHIA COLI (E. COLI)",39782,"TMDL","Malheur"
"OR_WS_170501161302_05_103029","DISSOLVED OXYGEN",39782,"TMDL","Malheur"
"OR_WS_170501161302_05_103029","ESCHERICHIA COLI (E. COLI)",39782,"TMDL","Malheur"
"OR_WS_170501161305_05_103032","ESCHERICHIA COLI (E. COLI)",39782,"TMDL","Malheur"
"OR_WS_170501170403_05_103057","ESCHERICHIA COLI (E. COLI)",39782,"TMDL","Malheur"
"OR_WS_170501170601_05_103063","ESCHERICHIA COLI (E. COLI)",39782,"TMDL","Malheur"
"OR_WS_170501170602_05_103064","ESCHERICHIA COLI (E. COLI)",39782,"TMDL","Malheur"
"OR_WS_170501170603_05_103065","ESCHERICHIA COLI (E. COLI)",39782,"TMDL","Malheur"
"OR_WS_170501180304_05_103079","ESCHERICHIA COLI (E. COLI)",39782,"TMDL","Malheur"
"OR_WS_170501190602_05_103095","ESCHERICHIA COLI (E. COLI)",39782,"TMDL","Malheur"
"OR_WS_170501190603_05_103096","ESCHERICHIA COLI (E. COLI)",39782,"TMDL","Malheur"
"OR_WS_170502010101_05_103097","ESCHERICHIA COLI (E. COLI)",39782,"TMDL","Malheur"
"OR_WS_170502010106_05_103227","ESCHERICHIA COLI (E. COLI)",39782,"TMDL","Malheur"
"OR_WS_171200090405_05_106887","ESCHERICHIA COLI (E. COLI)",9767,"TMDL","Malheur Lake"
"OR_WS_171002060804_02_106406","DISSOLVED OXYGEN",2036,"TMDL","Mid Coast"
"OR_CL_1710020102_106279","ESCHERICHIA COLI (E. COLI)",9447,"TMDL","North Coast"
"OR_EB_1710020206_01_107214","ESCHERICHIA COLI (E. COLI)",9447,"TMDL","North Coast"
"OR_EB_1710020206_01_107214","TEMPERATURE",9447,"TMDL","North Coast"
"OR_EB_1710020302_01_100295","DISSOLVED OXYGEN",2238,"TMDL","North Coast"
"OR_EB_1710020302_01_107215","DISSOLVED OXYGEN",2238,"TMDL","North Coast"
"OR_EB_1710020302_01_107216","DISSOLVED OXYGEN",2238,"TMDL","North Coast"
"OR_EB_1710020302_01_107216","ESCHERICHIA COLI (E. COLI)",2238,"TMDL","North Coast"
"OR_EB_1710020302_01_107216","TEMPERATURE",2238,"TMDL","North Coast"
"OR_EB_1710020308_01_107225","TEMPERATURE",1380,"TMDL","North Coast"
"OR_EB_1710020309_01_100296","DISSOLVED OXYGEN",2238,"TMDL","North Coast"
"OR_SR_1708000305_05_103619","ESCHERICHIA COLI (E. COLI)",9447,"TMDL","North Coast"
"OR_SR_1708000305_05_103619","TEMPERATURE",9447,"TMDL","North Coast"
"OR_SR_1708000308_05_103693","ESCHERICHIA COLI (E. COLI)",9447,"TMDL","North Coast"
"OR_SR_1708000602_05_100322","ESCHERICHIA COLI (E. COLI)",9447,"TMDL","North Coast"
"OR_SR_1708000602_05_100324","ESCHERICHIA COLI (E. COLI)",9447,"TMDL","North Coast"
"OR_SR_1708000602_05_103678","ESCHERICHIA COLI (E. COLI)",9447,"TMDL","North Coast"
"OR_SR_1710020101_05_105827","ESCHERICHIA COLI (E. COLI)",9447,"TMDL","North Coast"
"OR_SR_1710020101_05_105829","ESCHERICHIA COLI (E. COLI)",9447,"TMDL","North Coast"
"OR_SR_1710020101_05_105830","ESCHERICHIA COLI (E. COLI)",9447,"TMDL","North Coast"
"OR_SR_1710020201_05_106441","ESCHERICHIA COLI (E. COLI)",9447,"TMDL","North Coast"
"OR_SR_1710020201_05_106441","TEMPERATURE",9447,"TMDL","North Coast"
"OR_SR_1710020202_05_106442","ESCHERICHIA COLI (E. COLI)",9447,"TMDL","North Coast"
"OR_SR_1710020202_05_106442","TEMPERATURE",9447,"TMDL","North Coast"
"OR_SR_1710020203_05_105834","TEMPERATURE",9447,"TMDL","North Coast"
"OR_SR_1710020204_05_105835","TEMPERATURE",9447,"TMDL","North Coast"
"OR_SR_1710020205_05_105847","TEMPERATURE",9447,"TMDL","North Coast"
"OR_SR_1710020206_05_105850","TEMPERATURE",9447,"TMDL","North Coast"
"OR_SR_1710020206_05_105864","TEMPERATURE",9447,"TMDL","North Coast"
"OR_SR_1710020302_05_105869","DISSOLVED OXYGEN",2238,"TMDL","North Coast"
"OR_SR_1710020302_05_105869","TEMPERATURE",2238,"TMDL","North Coast"
"OR_SR_1710020302_05_105874","DISSOLVED OXYGEN",2238,"TMDL","North Coast"
"OR_SR_1710020302_05_105874","TEMPERATURE",2238,"TMDL","North Coast"
"OR_SR_1710020302_05_105881","DISSOLVED OXYGEN",2238,"TMDL","North Coast"
"OR_SR_1710020302_05_105881","TEMPERATURE",2238,"TMDL","North Coast"
"OR_SR_1710020302_05_105882","TEMPERATURE",2238,"TMDL","North Coast"
"OR_SR_1710020302_05_105884","TEMPERATURE",2238,"TMDL","North Coast"
"OR_SR_1710020303_05_105886","TEMPERATURE",1380,"TMDL","North Coast"
"OR_SR_1710020303_05_105890","TEMPERATURE",1380,"TMDL","North Coast"
"OR_SR_1710020304_05_105893","TEMPERATURE",1380,"TMDL","North Coast"
"OR_SR_1710020304_05_105897","TEMPERATURE",1380,"TMDL","North Coast"
"OR_SR_1710020304_05_105898","TEMPERATURE",1380,"TMDL","North Coast"
"OR_SR_1710020304_05_105899","TEMPERATURE",1380,"TMDL","North Coast"
"OR_SR_1710020304_05_105901","TEMPERATURE",1380,"TMDL","North Coast"
"OR_SR_1710020304_05_105903","TEMPERATURE",1380,"TMDL","North Coast"
"OR_SR_1710020305_05_105906","TEMPERATURE",1380,"TMDL","North Coast"
"OR_SR_1710020305_05_105908","TEMPERATURE",1380,"TMDL","North Coast"
"OR_SR_1710020305_05_105917","TEMPERATURE",1380,"TMDL","North Coast"
"OR_SR_1710020305_05_105921","TEMPERATURE",1380,"TMDL","North Coast"
"OR_SR_1710020305_05_106214","TEMPERATURE",1380,"TMDL","North Coast"
"OR_SR_1710020306_05_105924","TEMPERATURE",1380,"TMDL","North Coast"
"OR_SR_1710020306_05_105929","TEMPERATURE",1380,"TMDL","North Coast"
"OR_SR_1710020307_05_105939","TEMPERATURE",1380,"TMDL","North Coast"
"OR_SR_1710020309_05_105945","TEMPERATURE",2238,"TMDL","North Coast"
"OR_WS_170800030405_05_103656","TEMPERATURE",9447,"TMDL","North Coast"
"OR_WS_170800030406_05_103657","ESCHERICHIA COLI (E. COLI)",9447,"TMDL","North Coast"
"OR_WS_170800030406_05_103657","TEMPERATURE",9447,"TMDL","North Coast"
"OR_WS_170800030502_05_103659","TEMPERATURE",9447,"TMDL","North Coast"
"OR_WS_170800030503_05_103660","TEMPERATURE",9447,"TMDL","North Coast"
"OR_WS_170800060207_05_103708","ESCHERICHIA COLI (E. COLI)",9447,"TMDL","North Coast"
"OR_WS_171002010102_05_106084","ESCHERICHIA COLI (E. COLI)",9447,"TMDL","North Coast"
"OR_WS_171002010103_05_106209","TEMPERATURE",9447,"TMDL","North Coast"
"OR_WS_171002010105_05_106216","ESCHERICHIA COLI (E. COLI)",9447,"TMDL","North Coast"
"OR_WS_171002020101_05_106443","TEMPERATURE",9447,"TMDL","North Coast"
"OR_WS_171002030101_05_106099","TEMPERATURE",2238,"TMDL","North Coast"
"OR_WS_171002030201_05_106100","TEMPERATURE",2238,"TMDL","North Coast"
"OR_WS_171002030206_05_106105","DISSOLVED OXYGEN",2238,"TMDL","North Coast"
"OR_WS_171002030206_05_106105","TEMPERATURE",2238,"TMDL","North Coast"
"OR_WS_171002030406_05_106217","TEMPERATURE",1380,"TMDL","North Coast"
"OR_WS_171002030504_05_106117","TEMPERATURE",1380,"TMDL","North Coast"
"OR_WS_171002030901_05_106190","DISSOLVED OXYGEN",2238,"TMDL","North Coast"
"OR_WS_171002030902_05_106219","DISSOLVED OXYGEN",2238,"TMDL","North Coast"
"OR_WS_171002030902_05_106219","TEMPERATURE",1380,"TMDL","North Coast"
"OR_WS_171002030902_05_106219","TEMPERATURE",2238,"TMDL","North Coast"
"OR_WS_171002030903_05_106125","DISSOLVED OXYGEN",2238,"TMDL","North Coast"
"OR_SR_1705010311_02_102702","TEMPERATURE",10007,"TMDL","Owyhee"
"OR_WS_170501100705_05_102964","ESCHERICHIA COLI (E. COLI)",39782,"TMDL","Owyhee"
"OR_WS_170501100706_05_102965","DISSOLVED OXYGEN",39782,"TMDL","Owyhee"
"OR_WS_170501100706_05_102965","ESCHERICHIA COLI (E. COLI)",39782,"TMDL","Owyhee"
"OR_SR_1705020106_05_102793","DISSOLVED OXYGEN",10791,"TMDL","Powder"
"OR_SR_1705020106_05_102793","TEMPERATURE",10007,"TMDL","Powder"
"OR_WS_170502020302_05_103124","DISSOLVED OXYGEN",39782,"TMDL","Powder"
"OR_WS_170502020806_05_103147","DISSOLVED OXYGEN",39782,"TMDL","Powder"
"OR_EB_1710031008_01_100280","ESCHERICHIA COLI (E. COLI)",35887,"TMDL","Rogue"
"OR_LK_1710030703_02_100244","ESCHERICHIA COLI (E. COLI)",35887,"TMDL","Rogue"
"OR_LK_1710030708_02_100250","ESCHERICHIA COLI (E. COLI)",35887,"TMDL","Rogue"
"OR_LK_1710030801_02_100257","ESCHERICHIA COLI (E. COLI)",33829,"TMDL","Rogue"
"OR_LK_1710030801_02_100257","PH",33829,"TMDL","Rogue"
"OR_LK_1710030801_02_100257","PH",2035,"TMDL","Rogue"
"OR_SR_1710030707_04_105507","ESCHERICHIA COLI (E. COLI)",35887,"TMDL","Rogue"
"OR_SR_1710030708_02_105509","ESCHERICHIA COLI (E. COLI)",35887,"TMDL","Rogue"
"OR_SR_1710030708_02_105510","ESCHERICHIA COLI (E. COLI)",35887,"TMDL","Rogue"
"OR_SR_1710030708_02_105511","ESCHERICHIA COLI (E. COLI)",35887,"TMDL","Rogue"
"OR_SR_1710030708_02_105514","ESCHERICHIA COLI (E. COLI)",35887,"TMDL","Rogue"
"OR_SR_1710030708_02_105521","ESCHERICHIA COLI (E. COLI)",35887,"TMDL","Rogue"
"OR_SR_1710030708_02_105522","ESCHERICHIA COLI (E. COLI)",35887,"TMDL","Rogue"
"OR_SR_1710030801_02_105532","DISSOLVED OXYGEN",33829,"TMDL","Rogue"
"OR_SR_1710030801_02_105532","DISSOLVED OXYGEN",2035,"TMDL","Rogue"
"OR_SR_1710030801_02_105532","ESCHERICHIA COLI (E. COLI)",33829,"TMDL","Rogue"
"OR_SR_1710030801_02_105532","PH",33829,"TMDL","Rogue"
"OR_SR_1710030801_02_105532","PH",2035,"TMDL","Rogue"
"OR_SR_1710030801_02_105534","DISSOLVED OXYGEN",33829,"TMDL","Rogue"
"OR_SR_1710030801_02_105534","DISSOLVED OXYGEN",2035,"TMDL","Rogue"
"OR_SR_1710030801_02_105534","ESCHERICHIA COLI (E. COLI)",33829,"TMDL","Rogue"
"OR_SR_1710030801_02_105534","PH",33829,"TMDL","Rogue"
"OR_SR_1710030801_02_105534","PH",2035,"TMDL","Rogue"
"OR_SR_1710030801_02_105536","ESCHERICHIA COLI (E. COLI)",33829,"TMDL","Rogue"
"OR_SR_1710030801_02_105536","PH",33829,"TMDL","Rogue"
"OR_SR_1710030801_02_105536","PH",2035,"TMDL","Rogue"
"OR_SR_1710030801_02_105538","DISSOLVED OXYGEN",33829,"TMDL","Rogue"
"OR_SR_1710030801_02_105538","DISSOLVED OXYGEN",2035,"TMDL","Rogue"
"OR_SR_1710030801_02_105538","ESCHERICHIA COLI (E. COLI)",33829,"TMDL","Rogue"
"OR_SR_1710030801_02_105538","PH",33829,"TMDL","Rogue"
"OR_SR_1710030801_02_105538","PH",2035,"TMDL","Rogue"
"OR_SR_1710030801_02_105544","DISSOLVED OXYGEN",33829,"TMDL","Rogue"
"OR_SR_1710030801_02_105544","DISSOLVED OXYGEN",2035,"TMDL","Rogue"
"OR_SR_1710030801_02_105544","ESCHERICHIA COLI (E. COLI)",33829,"TMDL","Rogue"
"OR_SR_1710030801_02_105544","PH",33829,"TMDL","Rogue"
"OR_SR_1710030801_02_105544","PH",2035,"TMDL","Rogue"
"OR_SR_1710030801_02_105545","ESCHERICHIA COLI (E. COLI)",33829,"TMDL","Rogue"
"OR_SR_1710030801_02_105545","PH",33829,"TMDL","Rogue"
"OR_SR_1710030801_02_105545","PH",2035,"TMDL","Rogue"
"OR_SR_1710030801_02_105548","DISSOLVED OXYGEN",33829,"TMDL","Rogue"
"OR_SR_1710030801_02_105548","DISSOLVED OXYGEN",2035,"TMDL","Rogue"
"OR_SR_1710030801_02_105548","ESCHERICHIA COLI (E. COLI)",33829,"TMDL","Rogue"
"OR_SR_1710030801_02_105548","PH",33829,"TMDL","Rogue"
"OR_SR_1710030801_02_105548","PH",2035,"TMDL","Rogue"
"OR_SR_1710030801_02_105550","ESCHERICHIA COLI (E. COLI)",33829,"TMDL","Rogue"
"OR_SR_1710030801_02_105550","PH",33829,"TMDL","Rogue"
"OR_SR_1710030801_02_105550","PH",2035,"TMDL","Rogue"
"OR_SR_1710030801_02_105823","DISSOLVED OXYGEN",33829,"TMDL","Rogue"
"OR_SR_1710030801_02_105823","DISSOLVED OXYGEN",2035,"TMDL","Rogue"
"OR_SR_1710030801_02_105823","ESCHERICHIA COLI (E. COLI)",33829,"TMDL","Rogue"
"OR_SR_1710030801_05_105552","DISSOLVED OXYGEN",33829,"TMDL","Rogue"
"OR_SR_1710030801_05_105552","DISSOLVED OXYGEN",2035,"TMDL","Rogue"
"OR_SR_1710030801_05_105552","ESCHERICHIA COLI (E. COLI)",33829,"TMDL","Rogue"
"OR_SR_1710030801_05_105552","ESCHERICHIA COLI (E. COLI)",35887,"TMDL","Rogue"
"OR_SR_1710030801_05_105552","PH",33829,"TMDL","Rogue"
"OR_SR_1710030801_05_105552","PH",2035,"TMDL","Rogue"
"OR_SR_1710030802_04_105816","ESCHERICHIA COLI (E. COLI)",35887,"TMDL","Rogue"
"OR_SR_1710030803_02_105795","ESCHERICHIA COLI (E. COLI)",35887,"TMDL","Rogue"
"OR_SR_1710030804_04_106341","ESCHERICHIA COLI (E. COLI)",35887,"TMDL","Rogue"
"OR_SR_1710031002_04_104794","ESCHERICHIA COLI (E. COLI)",35887,"TMDL","Rogue"
"OR_SR_1710031003_02_104796","ESCHERICHIA COLI (E. COLI)",35887,"TMDL","Rogue"
"OR_SR_1710031004_04_104821","ESCHERICHIA COLI (E. COLI)",35887,"TMDL","Rogue"
"OR_SR_1710031006_04_104637","ESCHERICHIA COLI (E. COLI)",35887,"TMDL","Rogue"
"OR_SR_1710031007_02_104640","TEMPERATURE",2258,"TMDL","Rogue"
"OR_SR_1710031008_04_104646","ESCHERICHIA COLI (E. COLI)",35887,"TMDL","Rogue"
"OR_SR_1710031103_02_104827","ESCHERICHIA COLI (E. COLI)",35887,"TMDL","Rogue"
"OR_SR_1710031104_02_104832","ESCHERICHIA COLI (E. COLI)",35887,"TMDL","Rogue"
"OR_SR_1710031106_02_104840","ESCHERICHIA COLI (E. COLI)",35887,"TMDL","Rogue"
"OR_WS_171003070807_02_105753","ESCHERICHIA COLI (E. COLI)",35887,"TMDL","Rogue"
"OR_WS_171003070809_02_105755","ESCHERICHIA COLI (E. COLI)",35887,"TMDL","Rogue"
"OR_WS_171003070812_02_105758","ESCHERICHIA COLI (E. COLI)",35887,"TMDL","Rogue"
"OR_WS_171003070812_02_105758","ESCHERICHIA COLI (E. COLI)",33829,"TMDL","Rogue"
"OR_WS_171003070812_02_105758","PH",33829,"TMDL","Rogue"
"OR_WS_171003080102_02_105760","AMMONIA",42375,"TMDL","Rogue"
"OR_WS_171003080102_02_105760","DISSOLVED OXYGEN",33829,"TMDL","Rogue"
"OR_WS_171003080102_02_105760","DISSOLVED OXYGEN",42375,"TMDL","Rogue"
"OR_WS_171003080102_02_105760","DISSOLVED OXYGEN",2035,"TMDL","Rogue"
"OR_WS_171003080102_02_105760","ESCHERICHIA COLI (E. COLI)",33829,"TMDL","Rogue"
"OR_WS_171003080102_02_105760","PH",33829,"TMDL","Rogue"
"OR_WS_171003080102_02_105760","PH",42375,"TMDL","Rogue"
"OR_WS_171003080102_02_105760","PH",2035,"TMDL","Rogue"
"OR_WS_171003080104_02_105762","DISSOLVED OXYGEN",33829,"TMDL","Rogue"
"OR_WS_171003080104_02_105762","DISSOLVED OXYGEN",2035,"TMDL","Rogue"
"OR_WS_171003080104_02_105762","ESCHERICHIA COLI (E. COLI)",33829,"TMDL","Rogue"
"OR_WS_171003080104_02_105762","PH",33829,"TMDL","Rogue"
"OR_WS_171003080104_02_105762","PH",2035,"TMDL","Rogue"
"OR_WS_171003080105_02_105763","DISSOLVED OXYGEN",33829,"TMDL","Rogue"
"OR_WS_171003080105_02_105763","DISSOLVED OXYGEN",2035,"TMDL","Rogue"
"OR_WS_171003080105_02_105763","ESCHERICHIA COLI (E. COLI)",33829,"TMDL","Rogue"
"OR_WS_171003080105_02_105763","PH",33829,"TMDL","Rogue"
"OR_WS_171003080105_02_105763","PH",2035,"TMDL","Rogue"
"OR_WS_171003080107_02_105765","DISSOLVED OXYGEN",33829,"TMDL","Rogue"
"OR_WS_171003080107_02_105765","DISSOLVED OXYGEN",2035,"TMDL","Rogue"
"OR_WS_171003080107_02_105765","ESCHERICHIA COLI (E. COLI)",33829,"TMDL","Rogue"
"OR_WS_171003080107_02_105765","PH",33829,"TMDL","Rogue"
"OR_WS_171003080107_02_105765","PH",2035,"TMDL","Rogue"
"OR_WS_171003080109_02_105767","DISSOLVED OXYGEN",33829,"TMDL","Rogue"
"OR_WS_171003080109_02_105767","DISSOLVED OXYGEN",2035,"TMDL","Rogue"
"OR_WS_171003080109_02_105767","ESCHERICHIA COLI (E. COLI)",33829,"TMDL","Rogue"
"OR_WS_171003080109_02_105767","PH",33829,"TMDL","Rogue"
"OR_WS_171003080109_02_105767","PH",2035,"TMDL","Rogue"
"OR_WS_171003080110_02_105768","DISSOLVED OXYGEN",33829,"TMDL","Rogue"
"OR_WS_171003080110_02_105768","DISSOLVED OXYGEN",2035,"TMDL","Rogue"
"OR_WS_171003080110_02_105768","ESCHERICHIA COLI (E. COLI)",33829,"TMDL","Rogue"
"OR_WS_171003080110_02_105768","ESCHERICHIA COLI (E. COLI)",35887,"TMDL","Rogue"
"OR_WS_171003080110_02_105768","PH",33829,"TMDL","Rogue"
"OR_WS_171003080110_02_105768","PH",2035,"TMDL","Rogue"
"OR_WS_171003080111_02_105769","ESCHERICHIA COLI (E. COLI)",33829,"TMDL","Rogue"
"OR_WS_171003080111_02_105769","PH",33829,"TMDL","Rogue"
"OR_WS_171003080111_02_105769","PH",2035,"TMDL","Rogue"
"OR_WS_171003080112_02_105770","DISSOLVED OXYGEN",33829,"TMDL","Rogue"
"OR_WS_171003080112_02_105770","DISSOLVED OXYGEN",2035,"TMDL","Rogue"
"OR_WS_171003080112_02_105770","ESCHERICHIA COLI (E. COLI)",33829,"TMDL","Rogue"
"OR_WS_171003080112_02_105770","ESCHERICHIA COLI (E. COLI)",35887,"TMDL","Rogue"
"OR_WS_171003080112_02_105770","PH",33829,"TMDL","Rogue"
"OR_WS_171003080112_02_105770","PH",2035,"TMDL","Rogue"
"OR_WS_171003080202_02_105815","ESCHERICHIA COLI (E. COLI)",33829,"TMDL","Rogue"
"OR_WS_171003080202_02_105815","ESCHERICHIA COLI (E. COLI)",35887,"TMDL","Rogue"
"OR_WS_171003080202_02_105815","PH",33829,"TMDL","Rogue"
"OR_WS_171003080202_02_105815","PH",2035,"TMDL","Rogue"
"OR_WS_171003100602_02_104676","ESCHERICHIA COLI (E. COLI)",35887,"TMDL","Rogue"
"OR_WS_171003100803_02_104698","ESCHERICHIA COLI (E. COLI)",35887,"TMDL","Rogue"
"OR_WS_171003110202_02_104881","TEMPERATURE",2034,"TMDL","Rogue"
"OR_WS_171003110404_02_104885","ESCHERICHIA COLI (E. COLI)",35887,"TMDL","Rogue"
"OR_SR_1708000102_02_103601","ESCHERICHIA COLI (E. COLI)",11395,"TMDL","Sandy"
"OR_SR_1708000107_02_103612","ESCHERICHIA COLI (E. COLI)",11395,"TMDL","Sandy"
"OR_SR_1708000107_02_103616","ESCHERICHIA COLI (E. COLI)",11395,"TMDL","Sandy"
"OR_SR_1708000108_88_100671","ESCHERICHIA COLI (E. COLI)",11395,"TMDL","Columbia River"
"OR_SR_1708000108_88_100671","ESCHERICHIA COLI (E. COLI)",11395,"TMDL","Sandy"
"OR_WS_170800010202_02_103638","ESCHERICHIA COLI (E. COLI)",11395,"TMDL","Sandy"
"OR_WS_170800010703_02_103703","ESCHERICHIA COLI (E. COLI)",11395,"TMDL","Sandy"
"OR_EB_1710030404_01_100286","CHLOROPHYLL-A",33639,"TMDL","South Coast"
"OR_EB_1710030505_01_100284","DISSOLVED OXYGEN",329,"TMDL","South Coast"
"OR_EB_1710030505_01_107209","DISSOLVED OXYGEN",329,"TMDL","South Coast"
"OR_LK_1710030404_02_100222","CHLOROPHYLL-A",33639,"TMDL","South Coast"
"OR_LK_1710030404_02_100224","CHLOROPHYLL-A",33639,"TMDL","South Coast"
"OR_SR_1710030404_02_105019","CHLOROPHYLL-A",33639,"TMDL","South Coast"
"OR_SR_1710030501_02_104959","DISSOLVED OXYGEN",329,"TMDL","South Coast"
"OR_SR_1710030501_02_105238","DISSOLVED OXYGEN",329,"TMDL","South Coast"
"OR_SR_1710030501_02_105240","DISSOLVED OXYGEN",329,"TMDL","South Coast"
"OR_SR_1710030502_02_104609","DISSOLVED OXYGEN",329,"TMDL","South Coast"
"OR_SR_1710030502_02_104611","DISSOLVED OXYGEN",329,"TMDL","South Coast"
"OR_SR_1710030502_02_104970","DISSOLVED OXYGEN",329,"TMDL","South Coast"
"OR_SR_1710030502_02_104973","DISSOLVED OXYGEN",329,"TMDL","South Coast"
"OR_SR_1710030502_02_104974","DISSOLVED OXYGEN",329,"TMDL","South Coast"
"OR_SR_1710030502_02_106300","DISSOLVED OXYGEN",329,"TMDL","South Coast"
"OR_SR_1710030502_02_106302","DISSOLVED OXYGEN",329,"TMDL","South Coast"
"OR_SR_1710030504_02_104981","DISSOLVED OXYGEN",329,"TMDL","South Coast"
"OR_SR_1710030505_02_104992","DISSOLVED OXYGEN",329,"TMDL","South Coast"
"OR_WS_171003050101_02_105309","DISSOLVED OXYGEN",329,"TMDL","South Coast"
"OR_WS_171003050101_02_105309","DISSOLVED OXYGEN",30358,"TMDL","South Coast"
"OR_WS_171003050502_02_105007","DISSOLVED OXYGEN",329,"TMDL","South Coast"
"OR_WS_171003050506_02_105023","DISSOLVED OXYGEN",329,"TMDL","South Coast"
"OR_WS_171003060107_02_106317","DISSOLVED OXYGEN",329,"TMDL","South Coast"
"OR_WS_171003060201_02_104670","DISSOLVED OXYGEN",329,"TMDL","South Coast"
"OR_LK_1707010304_02_100009","AMMONIA",1362,"TMDL","Umatilla"
"OR_LK_1707010304_02_100009","PH",1362,"TMDL","Umatilla"
"OR_LK_1707010312_02_100011","AMMONIA",1362,"TMDL","Umatilla"
"OR_LK_1707010312_02_100011","PH",1362,"TMDL","Umatilla"
"OR_SR_1707010301_02_101469","AMMONIA",1362,"TMDL","Umatilla"
"OR_SR_1707010301_02_101469","PH",1362,"TMDL","Umatilla"
"OR_SR_1707010301_02_101469","TEMPERATURE",1362,"TMDL","Umatilla"
"OR_SR_1707010301_02_101470","AMMONIA",1362,"TMDL","Umatilla"
"OR_SR_1707010301_02_101470","PH",1362,"TMDL","Umatilla"
"OR_SR_1707010301_02_101470","TEMPERATURE",1362,"TMDL","Umatilla"
"OR_SR_1707010302_02_101475","TEMPERATURE",1362,"TMDL","Umatilla"
"OR_SR_1707010302_02_101478","TEMPERATURE",1362,"TMDL","Umatilla"
"OR_SR_1707010303_02_101479","AMMONIA",1362,"TMDL","Umatilla"
"OR_SR_1707010303_02_101479","PH",1362,"TMDL","Umatilla"
"OR_SR_1707010303_02_101479","TEMPERATURE",1362,"TMDL","Umatilla"
"OR_SR_1707010304_02_102606","AMMONIA",1362,"TMDL","Umatilla"
"OR_SR_1707010304_02_102606","PH",1362,"TMDL","Umatilla"
"OR_SR_1707010305_02_101480","AMMONIA",1362,"TMDL","Umatilla"
"OR_SR_1707010305_02_101480","TEMPERATURE",1362,"TMDL","Umatilla"
"OR_SR_1707010306_02_101481","AMMONIA",1362,"TMDL","Umatilla"
"OR_SR_1707010306_02_101481","PH",1362,"TMDL","Umatilla"
"OR_SR_1707010306_02_101481","TEMPERATURE",1362,"TMDL","Umatilla"
"OR_SR_1707010306_02_101483","TEMPERATURE",1362,"TMDL","Umatilla"
"OR_SR_1707010306_02_101484","TEMPERATURE",1362,"TMDL","Umatilla"
"OR_SR_1707010307_02_102616","AMMONIA",1362,"TMDL","Umatilla"
"OR_SR_1707010307_02_102616","PH",1362,"TMDL","Umatilla"
"OR_SR_1707010307_02_102616","TEMPERATURE",1362,"TMDL","Umatilla"
"OR_SR_1707010310_02_101488","PH",1362,"TMDL","Umatilla"
"OR_SR_1707010313_02_101492","AMMONIA",1362,"TMDL","Umatilla"
"OR_SR_1707010313_02_101492","PH",1362,"TMDL","Umatilla"
"OR_SR_1707010313_02_101492","TEMPERATURE",1362,"TMDL","Umatilla"
"OR_SR_1707010401_02_102604","ESCHERICHIA COLI (E. COLI)",32071,"TMDL","Umatilla"
"OR_SR_1707010401_02_102604","PH",32071,"TMDL","Umatilla"
"OR_SR_1707010401_02_102605","ESCHERICHIA COLI (E. COLI)",32071,"TMDL","Umatilla"
"OR_SR_1707010401_02_102605","PH",32071,"TMDL","Umatilla"
"OR_SR_1707010402_02_101494","ESCHERICHIA COLI (E. COLI)",32071,"TMDL","Umatilla"
"OR_SR_1707010402_02_101494","PH",32071,"TMDL","Umatilla"
"OR_SR_1707010403_02_101495","ESCHERICHIA COLI (E. COLI)",32071,"TMDL","Umatilla"
"OR_SR_1707010403_02_101495","PH",32071,"TMDL","Umatilla"
"OR_SR_1707010405_02_101502","ESCHERICHIA COLI (E. COLI)",32071,"TMDL","Umatilla"
"OR_SR_1707010405_02_101502","PH",32071,"TMDL","Umatilla"
"OR_WS_170701030206_02_101890","TEMPERATURE",1362,"TMDL","Umatilla"
"OR_WS_170701030303_02_101893","AMMONIA",1362,"TMDL","Umatilla"
"OR_WS_170701030303_02_101893","PH",1362,"TMDL","Umatilla"
"OR_WS_170701040101_02_101951","ESCHERICHIA COLI (E. COLI)",32071,"TMDL","Umatilla"
"OR_WS_170701040101_02_101951","PH",32071,"TMDL","Umatilla"
"OR_WS_170701040103_02_101953","ESCHERICHIA COLI (E. COLI)",32071,"TMDL","Umatilla"
"OR_WS_170701040103_02_101953","PH",32071,"TMDL","Umatilla"
"OR_EB_1710030308_01_100287","CHLOROPHYLL-A",30358,"TMDL","Umpqua"
"OR_EB_1710030308_01_100287","DISSOLVED OXYGEN",30358,"TMDL","Umpqua"
"OR_EB_1710030308_01_100287","PH",30358,"TMDL","Umpqua"
"OR_EB_1710030308_01_107226","DISSOLVED OXYGEN",30358,"TMDL","Umpqua"
"OR_EB_1710030308_01_107226","PH",30358,"TMDL","Umpqua"
"OR_EB_1710030308_01_107227","CHLOROPHYLL-A",30358,"TMDL","Umpqua"
"OR_EB_1710030308_01_107227","DISSOLVED OXYGEN",30358,"TMDL","Umpqua"
"OR_EB_1710030308_01_107227","PH",30358,"TMDL","Umpqua"
"OR_SR_1710030108_02_105339","DISSOLVED OXYGEN",30358,"TMDL","Umpqua"
"OR_SR_1710030108_02_105342","DISSOLVED OXYGEN",30358,"TMDL","Umpqua"
"OR_SR_1710030110_02_105352","TEMPERATURE",2022,"TMDL","Umpqua"
"OR_SR_1710030110_02_105353","TEMPERATURE",2022,"TMDL","Umpqua"
"OR_SR_1710030110_02_105359","TEMPERATURE",2022,"TMDL","Umpqua"
"OR_SR_1710030110_02_105360","TEMPERATURE",2022,"TMDL","Umpqua"
"OR_SR_1710030110_02_105362","TEMPERATURE",2022,"TMDL","Umpqua"
"OR_SR_1710030110_02_105364","TEMPERATURE",2022,"TMDL","Umpqua"
"OR_SR_1710030111_02_106415","CHLOROPHYLL-A",30358,"TMDL","Umpqua"
"OR_SR_1710030111_02_106415","DISSOLVED OXYGEN",30358,"TMDL","Umpqua"
"OR_SR_1710030111_02_106415","PH",30358,"TMDL","Umpqua"
"OR_SR_1710030203_02_105389","DISSOLVED OXYGEN",30358,"TMDL","Umpqua"
"OR_SR_1710030203_02_105389","PH",30358,"TMDL","Umpqua"
"OR_SR_1710030204_02_105390","DISSOLVED OXYGEN",30358,"TMDL","Umpqua"
"OR_SR_1710030204_02_105390","PH",30358,"TMDL","Umpqua"
"OR_SR_1710030204_02_105391","DISSOLVED OXYGEN",30358,"TMDL","Umpqua"
"OR_SR_1710030204_02_105391","PH",30358,"TMDL","Umpqua"
"OR_SR_1710030204_02_105392","DISSOLVED OXYGEN",30358,"TMDL","Umpqua"
"OR_SR_1710030204_02_105392","PH",30358,"TMDL","Umpqua"
"OR_SR_1710030204_02_105393","DISSOLVED OXYGEN",30358,"TMDL","Umpqua"
"OR_SR_1710030204_02_105393","PH",30358,"TMDL","Umpqua"
"OR_SR_1710030205_02_105394","DISSOLVED OXYGEN",30358,"TMDL","Umpqua"
"OR_SR_1710030205_02_105394","PH",30358,"TMDL","Umpqua"
"OR_SR_1710030205_02_105395","DISSOLVED OXYGEN",30358,"TMDL","Umpqua"
"OR_SR_1710030205_02_105395","PH",30358,"TMDL","Umpqua"
"OR_SR_1710030205_02_105397","DISSOLVED OXYGEN",30358,"TMDL","Umpqua"
"OR_SR_1710030205_02_105397","PH",30358,"TMDL","Umpqua"
"OR_SR_1710030205_02_105398","DISSOLVED OXYGEN",30358,"TMDL","Umpqua"
"OR_SR_1710030205_02_105398","PH",30358,"TMDL","Umpqua"
"OR_SR_1710030205_02_105399","DISSOLVED OXYGEN",30358,"TMDL","Umpqua"
"OR_SR_1710030205_02_105399","PH",30358,"TMDL","Umpqua"
"OR_SR_1710030205_02_105405","DISSOLVED OXYGEN",30358,"TMDL","Umpqua"
"OR_SR_1710030205_02_105405","PH",30358,"TMDL","Umpqua"
"OR_SR_1710030205_02_106333","CHLOROPHYLL-A",30358,"TMDL","Umpqua"
"OR_SR_1710030205_02_106333","DISSOLVED OXYGEN",30358,"TMDL","Umpqua"
"OR_SR_1710030205_02_106333","PH",30358,"TMDL","Umpqua"
"OR_SR_1710030207_02_105419","DISSOLVED OXYGEN",30358,"TMDL","Umpqua"
"OR_SR_1710030207_02_105419","PH",30358,"TMDL","Umpqua"
"OR_SR_1710030207_02_106335","DISSOLVED OXYGEN",30358,"TMDL","Umpqua"
"OR_SR_1710030207_02_106335","PH",30358,"TMDL","Umpqua"
"OR_SR_1710030208_02_104752","DISSOLVED OXYGEN",30358,"TMDL","Umpqua"
"OR_SR_1710030208_02_104752","PH",30358,"TMDL","Umpqua"
"OR_SR_1710030209_02_104762","DISSOLVED OXYGEN",30358,"TMDL","Umpqua"
"OR_SR_1710030209_02_104762","PH",30358,"TMDL","Umpqua"
"OR_SR_1710030209_02_106367","CHLOROPHYLL-A",30358,"TMDL","Umpqua"
"OR_SR_1710030209_02_106367","DISSOLVED OXYGEN",30358,"TMDL","Umpqua"
"OR_SR_1710030209_02_106367","PH",30358,"TMDL","Umpqua"
"OR_SR_1710030210_02_105429","DISSOLVED OXYGEN",30358,"TMDL","Umpqua"
"OR_SR_1710030210_02_105429","PH",30358,"TMDL","Umpqua"
"OR_SR_1710030210_02_105432","DISSOLVED OXYGEN",30358,"TMDL","Umpqua"
"OR_SR_1710030210_02_105432","PH",30358,"TMDL","Umpqua"
"OR_SR_1710030210_02_106416","DISSOLVED OXYGEN",30358,"TMDL","Umpqua"
"OR_SR_1710030210_02_106416","PH",30358,"TMDL","Umpqua"
"OR_SR_1710030211_02_105084","DISSOLVED OXYGEN",30358,"TMDL","Umpqua"
"OR_SR_1710030211_02_105084","PH",30358,"TMDL","Umpqua"
"OR_SR_1710030211_02_105088","DISSOLVED OXYGEN",30358,"TMDL","Umpqua"
"OR_SR_1710030211_02_105088","PH",30358,"TMDL","Umpqua"
"OR_SR_1710030211_02_105320","DISSOLVED OXYGEN",30358,"TMDL","Umpqua"
"OR_SR_1710030211_02_105320","PH",30358,"TMDL","Umpqua"
"OR_SR_1710030212_02_105090","DISSOLVED OXYGEN",30358,"TMDL","Umpqua"
"OR_SR_1710030212_02_105090","PH",30358,"TMDL","Umpqua"
"OR_SR_1710030212_02_105092","DISSOLVED OXYGEN",30358,"TMDL","Umpqua"
"OR_SR_1710030212_02_105092","PH",30358,"TMDL","Umpqua"
"OR_SR_1710030212_02_105093","DISSOLVED OXYGEN",30358,"TMDL","Umpqua"
"OR_SR_1710030212_02_105093","PH",30358,"TMDL","Umpqua"
"OR_SR_1710030212_02_105094","DISSOLVED OXYGEN",30358,"TMDL","Umpqua"
"OR_SR_1710030212_02_105094","PH",30358,"TMDL","Umpqua"
"OR_SR_1710030212_02_105098","DISSOLVED OXYGEN",30358,"TMDL","Umpqua"
"OR_SR_1710030212_02_105098","PH",30358,"TMDL","Umpqua"
"OR_SR_1710030212_02_105099","DISSOLVED OXYGEN",30358,"TMDL","Umpqua"
"OR_SR_1710030212_02_105099","PH",30358,"TMDL","Umpqua"
"OR_SR_1710030212_02_105324","DISSOLVED OXYGEN",30358,"TMDL","Umpqua"
"OR_SR_1710030212_02_105324","PH",30358,"TMDL","Umpqua"
"OR_SR_1710030213_02_105102","CHLOROPHYLL-A",30358,"TMDL","Umpqua"
"OR_SR_1710030213_02_105102","DISSOLVED OXYGEN",30358,"TMDL","Umpqua"
"OR_SR_1710030213_02_105102","PH",30358,"TMDL","Umpqua"
"OR_SR_1710030213_02_105103","DISSOLVED OXYGEN",30358,"TMDL","Umpqua"
"OR_SR_1710030213_02_105103","PH",30358,"TMDL","Umpqua"
"OR_SR_1710030213_02_105104","DISSOLVED OXYGEN",30358,"TMDL","Umpqua"
"OR_SR_1710030213_02_105104","PH",30358,"TMDL","Umpqua"
"OR_SR_1710030213_02_105434","DISSOLVED OXYGEN",30358,"TMDL","Umpqua"
"OR_SR_1710030213_02_105434","PH",30358,"TMDL","Umpqua"
"OR_SR_1710030213_02_106417","DISSOLVED OXYGEN",30358,"TMDL","Umpqua"
"OR_SR_1710030213_02_106417","PH",30358,"TMDL","Umpqua"
"OR_SR_1710030301_02_105106","DISSOLVED OXYGEN",30358,"TMDL","Umpqua"
"OR_SR_1710030301_02_105106","PH",30358,"TMDL","Umpqua"
"OR_SR_1710030301_02_105107","DISSOLVED OXYGEN",30358,"TMDL","Umpqua"
"OR_SR_1710030301_02_105107","PH",30358,"TMDL","Umpqua"
"OR_SR_1710030301_02_105436","DISSOLVED OXYGEN",30358,"TMDL","Umpqua"
"OR_SR_1710030301_02_105436","PH",30358,"TMDL","Umpqua"
"OR_SR_1710030301_02_105440","DISSOLVED OXYGEN",30358,"TMDL","Umpqua"
"OR_SR_1710030301_02_105440","PH",30358,"TMDL","Umpqua"
"OR_SR_1710030301_02_105441","DISSOLVED OXYGEN",30358,"TMDL","Umpqua"
"OR_SR_1710030301_02_105441","PH",30358,"TMDL","Umpqua"
"OR_SR_1710030301_02_105442","DISSOLVED OXYGEN",30358,"TMDL","Umpqua"
"OR_SR_1710030301_02_105442","PH",30358,"TMDL","Umpqua"
"OR_SR_1710030301_02_106418","CHLOROPHYLL-A",30358,"TMDL","Umpqua"
"OR_SR_1710030301_02_106418","DISSOLVED OXYGEN",30358,"TMDL","Umpqua"
"OR_SR_1710030301_02_106418","PH",30358,"TMDL","Umpqua"
"OR_SR_1710030302_02_105111","DISSOLVED OXYGEN",30358,"TMDL","Umpqua"
"OR_SR_1710030302_02_105113","DISSOLVED OXYGEN",30358,"TMDL","Umpqua"
"OR_SR_1710030302_02_105113","PH",30358,"TMDL","Umpqua"
"OR_SR_1710030302_02_105115","DISSOLVED OXYGEN",30358,"TMDL","Umpqua"
"OR_SR_1710030302_02_105115","PH",30358,"TMDL","Umpqua"
"OR_SR_1710030302_02_105119","DISSOLVED OXYGEN",30358,"TMDL","Umpqua"
"OR_SR_1710030302_02_105119","PH",30358,"TMDL","Umpqua"
"OR_SR_1710030302_02_105123","DISSOLVED OXYGEN",30358,"TMDL","Umpqua"
"OR_SR_1710030302_02_105123","PH",30358,"TMDL","Umpqua"
"OR_SR_1710030302_02_105124","DISSOLVED OXYGEN",30358,"TMDL","Umpqua"
"OR_SR_1710030302_02_105124","PH",30358,"TMDL","Umpqua"
"OR_SR_1710030302_05_105126","CHLOROPHYLL-A",30358,"TMDL","Umpqua"
"OR_SR_1710030302_05_105126","DISSOLVED OXYGEN",30358,"TMDL","Umpqua"
"OR_SR_1710030302_05_105126","PH",30358,"TMDL","Umpqua"
"OR_SR_1710030303_02_106420","CHLOROPHYLL-A",30358,"TMDL","Umpqua"
"OR_SR_1710030303_02_106420","DISSOLVED OXYGEN",30358,"TMDL","Umpqua"
"OR_SR_1710030303_02_106420","PH",30358,"TMDL","Umpqua"
"OR_SR_1710030303_02_106421","DISSOLVED OXYGEN",30358,"TMDL","Umpqua"
"OR_SR_1710030303_02_106421","PH",30358,"TMDL","Umpqua"
"OR_WS_171003011001_02_105666","TEMPERATURE",2022,"TMDL","Umpqua"
"OR_WS_171003020101_02_105675","DISSOLVED OXYGEN",30358,"TMDL","Umpqua"
"OR_WS_171003020101_02_105675","PH",30358,"TMDL","Umpqua"
"OR_WS_171003020402_02_105692","DISSOLVED OXYGEN",30358,"TMDL","Umpqua"
"OR_WS_171003020402_02_105692","PH",30358,"TMDL","Umpqua"
"OR_WS_171003020404_02_105694","DISSOLVED OXYGEN",30358,"TMDL","Umpqua"
"OR_WS_171003020404_02_105694","PH",30358,"TMDL","Umpqua"
"OR_WS_171003020505_02_105697","DISSOLVED OXYGEN",30358,"TMDL","Umpqua"
"OR_WS_171003020505_02_105697","PH",30358,"TMDL","Umpqua"
"OR_WS_171003020508_02_106369","DISSOLVED OXYGEN",30358,"TMDL","Umpqua"
"OR_WS_171003020508_02_106369","PH",30358,"TMDL","Umpqua"
"OR_WS_171003020902_02_104910","DISSOLVED OXYGEN",30358,"TMDL","Umpqua"
"OR_WS_171003020902_02_104910","PH",30358,"TMDL","Umpqua"
"OR_WS_171003021001_02_105703","DISSOLVED OXYGEN",30358,"TMDL","Umpqua"
"OR_WS_171003021001_02_105703","PH",30358,"TMDL","Umpqua"
"OR_WS_171003021205_02_105272","DISSOLVED OXYGEN",30358,"TMDL","Umpqua"
"OR_WS_171003021205_02_105272","PH",30358,"TMDL","Umpqua"
"OR_WS_171003021305_02_105321","DISSOLVED OXYGEN",30358,"TMDL","Umpqua"
"OR_WS_171003021305_02_105321","PH",30358,"TMDL","Umpqua"
"OR_WS_171003030106_02_105275","DISSOLVED OXYGEN",30358,"TMDL","Umpqua"
"OR_WS_171003030106_02_105275","PH",30358,"TMDL","Umpqua"
"OR_WS_171003030201_02_105322","DISSOLVED OXYGEN",30358,"TMDL","Umpqua"
"OR_WS_171003030201_02_105322","PH",30358,"TMDL","Umpqua"
"OR_WS_171003030204_02_105278","DISSOLVED OXYGEN",30358,"TMDL","Umpqua"
"OR_WS_171003030205_02_105279","DISSOLVED OXYGEN",30358,"TMDL","Umpqua"
"OR_WS_171003030205_02_105279","PH",30358,"TMDL","Umpqua"
"OR_WS_171003030208_02_105318","DISSOLVED OXYGEN",30358,"TMDL","Umpqua"
"OR_WS_171003030208_02_105318","PH",30358,"TMDL","Umpqua"
"OR_WS_171003030705_02_105302","DISSOLVED OXYGEN",30358,"TMDL","Umpqua"
"OR_LK_1709000402_02_100745","METHYLMERCURY",30674,"TMDL","Willamette"
"OR_LK_1709000703_02_100792","ESCHERICHIA COLI (E. COLI)",30674,"TMDL","Willamette"
"OR_LK_1709001002_02_100840","ESCHERICHIA COLI (E. COLI)",1936,"TMDL","Willamette"
"OR_LK_1709001002_02_100840","ESCHERICHIA COLI (E. COLI)",30674,"TMDL","Willamette"
"OR_LK_1709001002_02_100840","MERCURY",30674,"TMDL","Willamette"
"OR_LK_1709001002_02_100840","PH",1936,"TMDL","Willamette"
"OR_LK_1709001106_02_100850","ESCHERICHIA COLI (E. COLI)",30674,"TMDL","Willamette"
"OR_LK_1709001202_02_100858","ESCHERICHIA COLI (E. COLI)",30674,"TMDL","Willamette"
"OR_LK_1709001202_02_100858","MERCURY",30674,"TMDL","Willamette"
"OR_LK_1709001203_02_100869","ESCHERICHIA COLI (E. COLI)",30674,"TMDL","Willamette"
"OR_SR_1709000103_02_103716","ESCHERICHIA COLI (E. COLI)",30674,"TMDL","Willamette"
"OR_SR_1709000104_02_103719","ESCHERICHIA COLI (E. COLI)",30674,"TMDL","Willamette"
"OR_SR_1709000105_02_103720","ESCHERICHIA COLI (E. COLI)",30674,"TMDL","Willamette"
"OR_SR_1709000105_02_104579","MERCURY",30674,"TMDL","Willamette"
"OR_SR_1709000105_02_104579","METHYLMERCURY",30674,"TMDL","Willamette"
"OR_SR_1709000105_02_104580","ESCHERICHIA COLI (E. COLI)",30674,"TMDL","Willamette"
"OR_SR_1709000106_02_103721","ESCHERICHIA COLI (E. COLI)",30674,"TMDL","Willamette"
"OR_SR_1709000107_02_103727","ESCHERICHIA COLI (E. COLI)",30674,"TMDL","Willamette"
"OR_SR_1709000107_02_103728","ESCHERICHIA COLI (E. COLI)",30674,"TMDL","Willamette"
"OR_SR_1709000107_02_104583","ESCHERICHIA COLI (E. COLI)",30674,"TMDL","Willamette"
"OR_SR_1709000108_02_103732","ESCHERICHIA COLI (E. COLI)",30674,"TMDL","Willamette"
"OR_SR_1709000109_02_103735","ESCHERICHIA COLI (E. COLI)",30674,"TMDL","Willamette"
"OR_SR_1709000110_02_103749","ESCHERICHIA COLI (E. COLI)",30674,"TMDL","Willamette"
"OR_SR_1709000110_02_104584","ESCHERICHIA COLI (E. COLI)",30674,"TMDL","Willamette"
"OR_SR_1709000110_02_104584","MERCURY",30674,"TMDL","Willamette"
"OR_SR_1709000110_02_104584","METHYLMERCURY",30674,"TMDL","Willamette"
"OR_SR_1709000201_02_103752","ESCHERICHIA COLI (E. COLI)",310,"TMDL","Willamette"
"OR_SR_1709000201_02_103752","ESCHERICHIA COLI (E. COLI)",30674,"TMDL","Willamette"
"OR_SR_1709000203_02_103782","ESCHERICHIA COLI (E. COLI)",310,"TMDL","Willamette"
"OR_SR_1709000203_02_103782","ESCHERICHIA COLI (E. COLI)",30674,"TMDL","Willamette"
"OR_SR_1709000203_02_104585","ESCHERICHIA COLI (E. COLI)",310,"TMDL","Willamette"
"OR_SR_1709000203_02_104585","ESCHERICHIA COLI (E. COLI)",30674,"TMDL","Willamette"
"OR_SR_1709000203_02_104585","MERCURY",30674,"TMDL","Willamette"
"OR_SR_1709000204_02_103786","ESCHERICHIA COLI (E. COLI)",310,"TMDL","Willamette"
"OR_SR_1709000204_02_103786","ESCHERICHIA COLI (E. COLI)",30674,"TMDL","Willamette"
"OR_SR_1709000204_02_103787","ESCHERICHIA COLI (E. COLI)",310,"TMDL","Willamette"
"OR_SR_1709000204_02_103787","ESCHERICHIA COLI (E. COLI)",30674,"TMDL","Willamette"
"OR_SR_1709000204_02_103787","MERCURY",30674,"TMDL","Willamette"
"OR_SR_1709000204_02_103787","METHYLMERCURY",30674,"TMDL","Willamette"
"OR_SR_1709000301_02_103791","ESCHERICHIA COLI (E. COLI)",30674,"TMDL","Willamette"
"OR_SR_1709000301_02_103791","MERCURY",30674,"TMDL","Willamette"
"OR_SR_1709000301_02_103796","ESCHERICHIA COLI (E. COLI)",30674,"TMDL","Willamette"
"OR_SR_1709000301_02_103799","ESCHERICHIA COLI (E. COLI)",30674,"TMDL","Willamette"
"OR_SR_1709000302_02_103806","ESCHERICHIA COLI (E. COLI)",30674,"TMDL","Willamette"
"OR_SR_1709000302_02_103812","ESCHERICHIA COLI (E. COLI)",30674,"TMDL","Willamette"
"OR_SR_1709000302_02_103812","MERCURY",30674,"TMDL","Willamette"
"OR_SR_1709000303_02_103816","ESCHERICHIA COLI (E. COLI)",30674,"TMDL","Willamette"
"OR_SR_1709000304_02_103821","ESCHERICHIA COLI (E. COLI)",30674,"TMDL","Willamette"
"OR_SR_1709000304_02_103821","MERCURY",30674,"TMDL","Willamette"
"OR_SR_1709000305_02_103822","ESCHERICHIA COLI (E. COLI)",30674,"TMDL","Willamette"
"OR_SR_1709000305_02_103829","ESCHERICHIA COLI (E. COLI)",30674,"TMDL","Willamette"
"OR_SR_1709000305_02_103829","MERCURY",30674,"TMDL","Willamette"
"OR_SR_1709000305_02_103832","ESCHERICHIA COLI (E. COLI)",30674,"TMDL","Willamette"
"OR_SR_1709000306_05_103854","DIOXIN",319,"TMDL","Willamette"
"OR_SR_1709000306_05_103854","ESCHERICHIA COLI (E. COLI)",30674,"TMDL","Willamette"
"OR_SR_1709000306_05_103854","MERCURY",30674,"TMDL","Willamette"
"OR_SR_1709000306_05_103854","METHYLMERCURY",30674,"TMDL","Willamette"
"OR_SR_1709000402_02_104588","ESCHERICHIA COLI (E. COLI)",30674,"TMDL","Willamette"
"OR_SR_1709000405_02_103868","METHYLMERCURY",30674,"TMDL","Willamette"
"OR_SR_1709000406_02_103871","ESCHERICHIA COLI (E. COLI)",30674,"TMDL","Willamette"
"OR_SR_1709000407_02_103884","ESCHERICHIA COLI (E. COLI)",30674,"TMDL","Willamette"
"OR_SR_1709000407_02_103884","MERCURY",30674,"TMDL","Willamette"
"OR_SR_1709000407_02_103884","METHYLMERCURY",30674,"TMDL","Willamette"
"OR_SR_1709000501_02_103892","ESCHERICHIA COLI (E. COLI)",30674,"TMDL","Willamette"
"OR_SR_1709000501_02_103892","MERCURY",30674,"TMDL","Willamette"
"OR_SR_1709000502_02_103899","ESCHERICHIA COLI (E. COLI)",30674,"TMDL","Willamette"
"OR_SR_1709000503_02_103906","ESCHERICHIA COLI (E. COLI)",30674,"TMDL","Willamette"
"OR_SR_1709000503_02_103906","METHYLMERCURY",30674,"TMDL","Willamette"
"OR_SR_1709000506_02_103925","ESCHERICHIA COLI (E. COLI)",30674,"TMDL","Willamette"
"OR_SR_1709000506_02_103925","METHYLMERCURY",30674,"TMDL","Willamette"
"OR_SR_1709000506_02_103927","ESCHERICHIA COLI (E. COLI)",30674,"TMDL","Willamette"
"OR_SR_1709000506_02_103927","MERCURY",30674,"TMDL","Willamette"
"OR_SR_1709000506_02_103927","METHYLMERCURY",30674,"TMDL","Willamette"
"OR_SR_1709000506_02_103930","ESCHERICHIA COLI (E. COLI)",30674,"TMDL","Willamette"
"OR_SR_1709000506_02_103930","METHYLMERCURY",30674,"TMDL","Willamette"
"OR_SR_1709000701_02_103999","ESCHERICHIA COLI (E. COLI)",30674,"TMDL","Willamette"
"OR_SR_1709000701_02_104591","DISSOLVED OXYGEN",2036,"TMDL","Willamette"
"OR_SR_1709000701_05_104005","ESCHERICHIA COLI (E. COLI)",30674,"TMDL","Willamette"
"OR_SR_1709000702_02_104007","ESCHERICHIA COLI (E. COLI)",30674,"TMDL","Willamette"
"OR_SR_1709000703_02_104008","ESCHERICHIA COLI (E. COLI)",30674,"TMDL","Willamette"
"OR_SR_1709000703_02_104012","ESCHERICHIA COLI (E. COLI)",30674,"TMDL","Willamette"
"OR_SR_1709000703_04_104013","ESCHERICHIA COLI (E. COLI)",30674,"TMDL","Willamette"
"OR_SR_1709000703_04_104013","MERCURY",30674,"TMDL","Willamette"
"OR_SR_1709000703_04_104013","METHYLMERCURY",30674,"TMDL","Willamette"
"OR_SR_1709000703_05_104014","ESCHERICHIA COLI (E. COLI)",30674,"TMDL","Willamette"
"OR_SR_1709000703_05_104014","MERCURY",30674,"TMDL","Willamette"
"OR_SR_1709000703_05_104014","METHYLMERCURY",30674,"TMDL","Willamette"
"OR_SR_1709000703_88_104015","ESCHERICHIA COLI (E. COLI)",30674,"TMDL","Willamette"
"OR_SR_1709000703_88_104015","MERCURY",30674,"TMDL","Willamette"
"OR_SR_1709000703_88_104015","METHYLMERCURY",30674,"TMDL","Willamette"
"OR_SR_1709000704_02_104017","ESCHERICHIA COLI (E. COLI)",30674,"TMDL","Willamette"
"OR_SR_1709000704_02_104018","CHLOROPHYLL-A",1936,"TMDL","Willamette"
"OR_SR_1709000704_02_104018","DISSOLVED OXYGEN",1936,"TMDL","Willamette"
"OR_SR_1709000704_02_104018","ESCHERICHIA COLI (E. COLI)",1936,"TMDL","Willamette"
"OR_SR_1709000704_02_104018","ESCHERICHIA COLI (E. COLI)",30674,"TMDL","Willamette"
"OR_SR_1709000704_02_104018","MERCURY",30674,"TMDL","Willamette"
"OR_SR_1709000704_02_104018","METHYLMERCURY",30674,"TMDL","Willamette"
"OR_SR_1709000704_02_104018","PH",1936,"TMDL","Willamette"
"OR_SR_1709000704_02_104018","TEMPERATURE",1936,"TMDL","Willamette"
"OR_SR_1709000704_02_104597","ESCHERICHIA COLI (E. COLI)",30674,"TMDL","Willamette"
"OR_SR_1709000704_02_104597","MERCURY",30674,"TMDL","Willamette"
"OR_SR_1709000704_02_104597","METHYLMERCURY",30674,"TMDL","Willamette"
"OR_SR_1709000704_88_104019","ESCHERICHIA COLI (E. COLI)",30674,"TMDL","Willamette"
"OR_SR_1709000704_88_104019","MERCURY",30674,"TMDL","Willamette"
"OR_SR_1709000704_88_104020","ESCHERICHIA COLI (E. COLI)",30674,"TMDL","Willamette"
"OR_SR_1709000704_88_104020","MERCURY",30674,"TMDL","Willamette"
"OR_SR_1709000704_88_104020","METHYLMERCURY",30674,"TMDL","Willamette"
"OR_SR_1709000801_02_104028","ESCHERICHIA COLI (E. COLI)",30674,"TMDL","Willamette"
"OR_SR_1709000802_02_104034","ESCHERICHIA COLI (E. COLI)",30674,"TMDL","Willamette"
"OR_SR_1709000802_02_104034","MERCURY",30674,"TMDL","Willamette"
"OR_SR_1709000802_02_104035","ESCHERICHIA COLI (E. COLI)",30674,"TMDL","Willamette"
"OR_SR_1709000802_02_104603","ESCHERICHIA COLI (E. COLI)",30674,"TMDL","Willamette"
"OR_SR_1709000803_02_104037","ESCHERICHIA COLI (E. COLI)",30674,"TMDL","Willamette"
"OR_SR_1709000804_02_104047","ESCHERICHIA COLI (E. COLI)",30674,"TMDL","Willamette"
"OR_SR_1709000805_02_104049","ESCHERICHIA COLI (E. COLI)",30674,"TMDL","Willamette"
"OR_SR_1709000805_02_104050","ESCHERICHIA COLI (E. COLI)",30674,"TMDL","Willamette"
"OR_SR_1709000806_02_104052","ESCHERICHIA COLI (E. COLI)",30674,"TMDL","Willamette"
"OR_SR_1709000807_02_104060","ESCHERICHIA COLI (E. COLI)",30674,"TMDL","Willamette"
"OR_SR_1709000807_02_104061","ESCHERICHIA COLI (E. COLI)",30674,"TMDL","Willamette"
"OR_SR_1709000807_02_104061","MERCURY",30674,"TMDL","Willamette"
"OR_SR_1709000807_02_104061","METHYLMERCURY",30674,"TMDL","Willamette"
"OR_SR_1709000901_02_104062","DISSOLVED OXYGEN",2037,"TMDL","Willamette"
"OR_SR_1709000901_02_104062","DISSOLVED OXYGEN",35888,"TMDL","Willamette"
"OR_SR_1709000901_02_104064","AMMONIA",2037,"TMDL","Willamette"
"OR_SR_1709000901_02_104064","DISSOLVED OXYGEN",2037,"TMDL","Willamette"
"OR_SR_1709000901_02_104064","DISSOLVED OXYGEN",35888,"TMDL","Willamette"
"OR_SR_1709000901_02_104064","ESCHERICHIA COLI (E. COLI)",30674,"TMDL","Willamette"
"OR_SR_1709000901_02_104064","ESCHERICHIA COLI (E. COLI)",35888,"TMDL","Willamette"
"OR_SR_1709000901_02_104064","IRON",35888,"TMDL","Willamette"
"OR_SR_1709000901_02_104067","DISSOLVED OXYGEN",2037,"TMDL","Willamette"
"OR_SR_1709000901_02_104067","DISSOLVED OXYGEN",35888,"TMDL","Willamette"
"OR_SR_1709000901_02_104067","ESCHERICHIA COLI (E. COLI)",30674,"TMDL","Willamette"
"OR_SR_1709000901_02_104067","ESCHERICHIA COLI (E. COLI)",35888,"TMDL","Willamette"
"OR_SR_1709000901_02_104067","NITROGEN, NITRATE",35888,"TMDL","Willamette"
"OR_SR_1709000901_02_104068","DISSOLVED OXYGEN",2037,"TMDL","Willamette"
"OR_SR_1709000901_02_104068","DISSOLVED OXYGEN",35888,"TMDL","Willamette"
"OR_SR_1709000901_02_104068","ESCHERICHIA COLI (E. COLI)",30674,"TMDL","Willamette"
"OR_SR_1709000901_02_104068","ESCHERICHIA COLI (E. COLI)",35888,"TMDL","Willamette"
"OR_SR_1709000901_02_104068","NITROGEN, NITRATE",35888,"TMDL","Willamette"
"OR_SR_1709000901_02_104069","DISSOLVED OXYGEN",2037,"TMDL","Willamette"
"OR_SR_1709000901_02_104069","DISSOLVED OXYGEN",35888,"TMDL","Willamette"
"OR_SR_1709000901_02_104069","ESCHERICHIA COLI (E. COLI)",30674,"TMDL","Willamette"
"OR_SR_1709000901_02_104069","ESCHERICHIA COLI (E. COLI)",35888,"TMDL","Willamette"
"OR_SR_1709000901_02_104069","NITROGEN, NITRATE",35888,"TMDL","Willamette"
"OR_SR_1709000901_02_104595","DISSOLVED OXYGEN",2037,"TMDL","Willamette"
"OR_SR_1709000901_02_104595","DISSOLVED OXYGEN",35888,"TMDL","Willamette"
"OR_SR_1709000901_02_104595","ESCHERICHIA COLI (E. COLI)",30674,"TMDL","Willamette"
"OR_SR_1709000901_02_104595","ESCHERICHIA COLI (E. COLI)",35888,"TMDL","Willamette"
"OR_SR_1709000901_02_104595","NITROGEN, NITRATE",35888,"TMDL","Willamette"
"OR_SR_1709000902_02_104072","DISSOLVED OXYGEN",2037,"TMDL","Willamette"
"OR_SR_1709000902_02_104072","DISSOLVED OXYGEN",35888,"TMDL","Willamette"
"OR_SR_1709000902_02_104072","ESCHERICHIA COLI (E. COLI)",30674,"TMDL","Willamette"
"OR_SR_1709000902_02_104072","ESCHERICHIA COLI (E. COLI)",35888,"TMDL","Willamette"
"OR_SR_1709000902_02_104072","NITROGEN, NITRATE",35888,"TMDL","Willamette"
"OR_SR_1709000902_02_104073","AMMONIA",2037,"TMDL","Willamette"
"OR_SR_1709000902_02_104073","DISSOLVED OXYGEN",2037,"TMDL","Willamette"
"OR_SR_1709000902_02_104073","DISSOLVED OXYGEN",35888,"TMDL","Willamette"
"OR_SR_1709000902_02_104073","ESCHERICHIA COLI (E. COLI)",30674,"TMDL","Willamette"
"OR_SR_1709000902_02_104073","ESCHERICHIA COLI (E. COLI)",35888,"TMDL","Willamette"
"OR_SR_1709000902_02_104073","IRON",35888,"TMDL","Willamette"
"OR_SR_1709000903_02_104074","DISSOLVED OXYGEN",2037,"TMDL","Willamette"
"OR_SR_1709000903_02_104074","DISSOLVED OXYGEN",35888,"TMDL","Willamette"
"OR_SR_1709000903_02_104074","NITROGEN, NITRATE",35888,"TMDL","Willamette"
"OR_SR_1709000903_02_104075","DISSOLVED OXYGEN",2037,"TMDL","Willamette"
"OR_SR_1709000903_02_104075","DISSOLVED OXYGEN",35888,"TMDL","Willamette"
"OR_SR_1709000903_02_104075","NITROGEN, NITRATE",35888,"TMDL","Willamette"
"OR_SR_1709000904_02_104086","NITROGEN, NITRATE",35888,"TMDL","Willamette"
"OR_SR_1709000905_02_104088","AMMONIA",2037,"TMDL","Willamette"
"OR_SR_1709000905_02_104088","DISSOLVED OXYGEN",2037,"TMDL","Willamette"
"OR_SR_1709000905_02_104088","DISSOLVED OXYGEN",35888,"TMDL","Willamette"
"OR_SR_1709000905_02_104088","ESCHERICHIA COLI (E. COLI)",30674,"TMDL","Willamette"
"OR_SR_1709000905_02_104088","ESCHERICHIA COLI (E. COLI)",35888,"TMDL","Willamette"
"OR_SR_1709000905_02_104088","IRON",35888,"TMDL","Willamette"
"OR_SR_1709000905_02_104088","MERCURY",30674,"TMDL","Willamette"
"OR_SR_1709000906_02_104091","DISSOLVED OXYGEN",35888,"TMDL","Willamette"
"OR_SR_1709000906_02_104091","NITROGEN, NITRATE",35888,"TMDL","Willamette"
"OR_SR_1709000906_02_104093","AMMONIA",2037,"TMDL","Willamette"
"OR_SR_1709000906_02_104093","DISSOLVED OXYGEN",2037,"TMDL","Willamette"
"OR_SR_1709000906_02_104093","DISSOLVED OXYGEN",35888,"TMDL","Willamette"
"OR_SR_1709000906_02_104093","ESCHERICHIA COLI (E. COLI)",30674,"TMDL","Willamette"
"OR_SR_1709000906_02_104093","ESCHERICHIA COLI (E. COLI)",35888,"TMDL","Willamette"
"OR_SR_1709000906_02_104093","IRON",35888,"TMDL","Willamette"
"OR_SR_1709000906_02_104093","MERCURY",30674,"TMDL","Willamette"
"OR_SR_1709000906_02_104093","NITROGEN, NITRATE",35888,"TMDL","Willamette"
"OR_SR_1709001001_02_104096","DISSOLVED OXYGEN",1936,"TMDL","Willamette"
"OR_SR_1709001001_02_104096","ESCHERICHIA COLI (E. COLI)",1936,"TMDL","Willamette"
"OR_SR_1709001001_02_104096","ESCHERICHIA COLI (E. COLI)",30674,"TMDL","Willamette"
"OR_SR_1709001001_02_104096","PH",1936,"TMDL","Willamette"
"OR_SR_1709001001_02_104096","TEMPERATURE",1936,"TMDL","Willamette"
"OR_SR_1709001002_02_104104","CHLOROPHYLL-A",1936,"TMDL","Willamette"
"OR_SR_1709001002_02_104104","DISSOLVED OXYGEN",1936,"TMDL","Willamette"
"OR_SR_1709001002_02_104104","ESCHERICHIA COLI (E. COLI)",1936,"TMDL","Willamette"
"OR_SR_1709001002_02_104104","ESCHERICHIA COLI (E. COLI)",30674,"TMDL","Willamette"
"OR_SR_1709001002_02_104104","MERCURY",30674,"TMDL","Willamette"
"OR_SR_1709001002_02_104104","PH",1936,"TMDL","Willamette"
"OR_SR_1709001002_02_104104","TEMPERATURE",1936,"TMDL","Willamette"
"OR_SR_1709001002_02_104105","DISSOLVED OXYGEN",1936,"TMDL","Willamette"
"OR_SR_1709001002_02_104105","ESCHERICHIA COLI (E. COLI)",1936,"TMDL","Willamette"
"OR_SR_1709001002_02_104105","ESCHERICHIA COLI (E. COLI)",30674,"TMDL","Willamette"
"OR_SR_1709001002_02_104105","PH",1936,"TMDL","Willamette"
"OR_SR_1709001002_02_104109","CHLOROPHYLL-A",1936,"TMDL","Willamette"
"OR_SR_1709001002_02_104109","DISSOLVED OXYGEN",1936,"TMDL","Willamette"
"OR_SR_1709001002_02_104109","ESCHERICHIA COLI (E. COLI)",1936,"TMDL","Willamette"
"OR_SR_1709001002_02_104109","ESCHERICHIA COLI (E. COLI)",30674,"TMDL","Willamette"
"OR_SR_1709001002_02_104109","PH",1936,"TMDL","Willamette"
"OR_SR_1709001002_02_104109","TEMPERATURE",1936,"TMDL","Willamette"
"OR_SR_1709001002_02_104600","DISSOLVED OXYGEN",1936,"TMDL","Willamette"
"OR_SR_1709001002_02_104600","TEMPERATURE",1936,"TMDL","Willamette"
"OR_SR_1709001003_02_104112","ESCHERICHIA COLI (E. COLI)",1936,"TMDL","Willamette"
"OR_SR_1709001003_02_104112","ESCHERICHIA COLI (E. COLI)",30674,"TMDL","Willamette"
"OR_SR_1709001003_02_104112","PH",1936,"TMDL","Willamette"
"OR_SR_1709001003_02_104114","PH",1936,"TMDL","Willamette"
"OR_SR_1709001003_02_104114","TEMPERATURE",1936,"TMDL","Willamette"
"OR_SR_1709001003_02_104120","CHLOROPHYLL-A",1936,"TMDL","Willamette"
"OR_SR_1709001003_02_104120","DISSOLVED OXYGEN",1936,"TMDL","Willamette"
"OR_SR_1709001003_02_104120","ESCHERICHIA COLI (E. COLI)",1936,"TMDL","Willamette"
"OR_SR_1709001003_02_104120","ESCHERICHIA COLI (E. COLI)",30674,"TMDL","Willamette"
"OR_SR_1709001003_02_104120","PH",1936,"TMDL","Willamette"
"OR_SR_1709001003_02_104120","TEMPERATURE",1936,"TMDL","Willamette"
"OR_SR_1709001004_02_104133","CHLOROPHYLL-A",1936,"TMDL","Willamette"
"OR_SR_1709001004_02_104133","DISSOLVED OXYGEN",1936,"TMDL","Willamette"
"OR_SR_1709001004_02_104133","ESCHERICHIA COLI (E. COLI)",1936,"TMDL","Willamette"
"OR_SR_1709001004_02_104133","ESCHERICHIA COLI (E. COLI)",30674,"TMDL","Willamette"
"OR_SR_1709001004_02_104133","PH",1936,"TMDL","Willamette"
"OR_SR_1709001004_02_104133","TEMPERATURE",1936,"TMDL","Willamette"
"OR_SR_1709001004_02_104134","CHLOROPHYLL-A",1936,"TMDL","Willamette"
"OR_SR_1709001004_02_104134","DISSOLVED OXYGEN",1936,"TMDL","Willamette"
"OR_SR_1709001004_02_104134","ESCHERICHIA COLI (E. COLI)",1936,"TMDL","Willamette"
"OR_SR_1709001004_02_104134","ESCHERICHIA COLI (E. COLI)",30674,"TMDL","Willamette"
"OR_SR_1709001004_02_104134","PH",1936,"TMDL","Willamette"
"OR_SR_1709001004_02_104134","TEMPERATURE",1936,"TMDL","Willamette"
"OR_SR_1709001004_02_104136","ESCHERICHIA COLI (E. COLI)",1936,"TMDL","Willamette"
"OR_SR_1709001004_02_104136","ESCHERICHIA COLI (E. COLI)",30674,"TMDL","Willamette"
"OR_SR_1709001004_02_104136","PH",1936,"TMDL","Willamette"
"OR_SR_1709001004_02_104137","ESCHERICHIA COLI (E. COLI)",1936,"TMDL","Willamette"
"OR_SR_1709001004_02_104137","ESCHERICHIA COLI (E. COLI)",30674,"TMDL","Willamette"
"OR_SR_1709001004_02_104137","PH",1936,"TMDL","Willamette"
"OR_SR_1709001004_02_104139","CHLOROPHYLL-A",1936,"TMDL","Willamette"
"OR_SR_1709001004_02_104139","DISSOLVED OXYGEN",1936,"TMDL","Willamette"
"OR_SR_1709001004_02_104139","ESCHERICHIA COLI (E. COLI)",1936,"TMDL","Willamette"
"OR_SR_1709001004_02_104139","ESCHERICHIA COLI (E. COLI)",30674,"TMDL","Willamette"
"OR_SR_1709001004_02_104139","METHYLMERCURY",30674,"TMDL","Willamette"
"OR_SR_1709001004_02_104139","PH",1936,"TMDL","Willamette"
"OR_SR_1709001005_02_104140","CHLOROPHYLL-A",1936,"TMDL","Willamette"
"OR_SR_1709001005_02_104140","DISSOLVED OXYGEN",1936,"TMDL","Willamette"
"OR_SR_1709001005_02_104140","ESCHERICHIA COLI (E. COLI)",1936,"TMDL","Willamette"
"OR_SR_1709001005_02_104140","ESCHERICHIA COLI (E. COLI)",30674,"TMDL","Willamette"
"OR_SR_1709001005_02_104140","PH",1936,"TMDL","Willamette"
"OR_SR_1709001005_02_104140","TEMPERATURE",1936,"TMDL","Willamette"
"OR_SR_1709001005_02_104141","CHLOROPHYLL-A",1936,"TMDL","Willamette"
"OR_SR_1709001005_02_104141","DISSOLVED OXYGEN",1936,"TMDL","Willamette"
"OR_SR_1709001005_02_104141","ESCHERICHIA COLI (E. COLI)",1936,"TMDL","Willamette"
"OR_SR_1709001005_02_104141","ESCHERICHIA COLI (E. COLI)",30674,"TMDL","Willamette"
"OR_SR_1709001005_02_104141","PH",1936,"TMDL","Willamette"
"OR_SR_1709001005_02_104141","TEMPERATURE",1936,"TMDL","Willamette"
"OR_SR_1709001104_02_104155","ESCHERICHIA COLI (E. COLI)",30674,"TMDL","Willamette"
"OR_SR_1709001106_02_104169","ESCHERICHIA COLI (E. COLI)",30674,"TMDL","Willamette"
"OR_SR_1709001201_02_104170","ESCHERICHIA COLI (E. COLI)",30674,"TMDL","Willamette"
"OR_SR_1709001201_02_104170","MERCURY",30674,"TMDL","Willamette"
"OR_SR_1709001201_02_104170","METHYLMERCURY",30674,"TMDL","Willamette"
"OR_SR_1709001202_02_104173","ESCHERICHIA COLI (E. COLI)",30674,"TMDL","Willamette"
"OR_SR_1709001202_02_104174","ESCHERICHIA COLI (E. COLI)",30674,"TMDL","Willamette"
"OR_SR_1709001202_02_104174","MERCURY",30674,"TMDL","Willamette"
"OR_SR_1709001202_88_104175","ESCHERICHIA COLI (E. COLI)",30674,"TMDL","Willamette"
"OR_SR_1709001202_88_104175","MERCURY",30674,"TMDL","Willamette"
"OR_SR_1709001202_88_104175","METHYLMERCURY",30674,"TMDL","Willamette"
"OR_SR_1709001203_02_104176","ESCHERICHIA COLI (E. COLI)",30674,"TMDL","Willamette"
"OR_SR_1709001203_02_104177","ESCHERICHIA COLI (E. COLI)",30674,"TMDL","Willamette"
"OR_SR_1709001203_02_104179","ESCHERICHIA COLI (E. COLI)",30674,"TMDL","Willamette"
"OR_SR_1709001203_02_104180","ESCHERICHIA COLI (E. COLI)",30674,"TMDL","Willamette"
"OR_SR_1709001203_02_104181","ESCHERICHIA COLI (E. COLI)",30674,"TMDL","Willamette"
"OR_SR_1709001203_88_104184","ESCHERICHIA COLI (E. COLI)",30674,"TMDL","Willamette"
"OR_SR_1709001203_88_104184","METHYLMERCURY",30674,"TMDL","Willamette"
"OR_WS_170900010608_02_104210","ESCHERICHIA COLI (E. COLI)",30674,"TMDL","Willamette"
"OR_WS_170900011003_02_104223","ESCHERICHIA COLI (E. COLI)",30674,"TMDL","Willamette"
"OR_WS_170900020303_02_104234","MERCURY",30674,"TMDL","Willamette"
"OR_WS_170900020401_02_104238","ESCHERICHIA COLI (E. COLI)",310,"TMDL","Willamette"
"OR_WS_170900020401_02_104238","ESCHERICHIA COLI (E. COLI)",30674,"TMDL","Willamette"
"OR_WS_170900020403_02_104240","ESCHERICHIA COLI (E. COLI)",310,"TMDL","Willamette"
"OR_WS_170900020403_02_104240","ESCHERICHIA COLI (E. COLI)",30674,"TMDL","Willamette"
"OR_WS_170900020404_02_104241","ESCHERICHIA COLI (E. COLI)",310,"TMDL","Willamette"
"OR_WS_170900020404_02_104241","ESCHERICHIA COLI (E. COLI)",30674,"TMDL","Willamette"
"OR_WS_170900020405_02_104242","ESCHERICHIA COLI (E. COLI)",310,"TMDL","Willamette"
"OR_WS_170900020405_02_104242","ESCHERICHIA COLI (E. COLI)",30674,"TMDL","Willamette"
"OR_WS_170900030101_02_104243","ESCHERICHIA COLI (E. COLI)",30674,"TMDL","Willamette"
"OR_WS_170900030103_02_104245","ESCHERICHIA COLI (E. COLI)",30674,"TMDL","Willamette"
"OR_WS_170900030106_02_104248","ESCHERICHIA COLI (E. COLI)",30674,"TMDL","Willamette"
"OR_WS_170900030106_02_104248","MERCURY",30674,"TMDL","Willamette"
"OR_WS_170900030108_02_104250","ESCHERICHIA COLI (E. COLI)",30674,"TMDL","Willamette"
"OR_WS_170900030108_02_104250","MERCURY",30674,"TMDL","Willamette"
"OR_WS_170900030601_02_104287","ESCHERICHIA COLI (E. COLI)",30674,"TMDL","Willamette"
"OR_WS_170900030601_02_104287","MERCURY",30674,"TMDL","Willamette"
"OR_WS_170900030603_02_104290","ESCHERICHIA COLI (E. COLI)",30674,"TMDL","Willamette"
"OR_WS_170900050208_02_104350","ESCHERICHIA COLI (E. COLI)",30674,"TMDL","Willamette"
"OR_WS_170900050208_02_104350","MERCURY",30674,"TMDL","Willamette"
"OR_WS_170900070101_02_104401","ESCHERICHIA COLI (E. COLI)",30674,"TMDL","Willamette"
"OR_WS_170900070102_02_104403","ESCHERICHIA COLI (E. COLI)",30674,"TMDL","Willamette"
"OR_WS_170900070104_02_104405","ESCHERICHIA COLI (E. COLI)",30674,"TMDL","Willamette"
"OR_WS_170900070203_02_104411","ESCHERICHIA COLI (E. COLI)",30674,"TMDL","Willamette"
"OR_WS_170900070301_02_104413","ESCHERICHIA COLI (E. COLI)",30674,"TMDL","Willamette"
"OR_WS_170900070303_02_104415","DISSOLVED OXYGEN",2037,"TMDL","Willamette"
"OR_WS_170900070303_02_104415","DISSOLVED OXYGEN",35888,"TMDL","Willamette"
"OR_WS_170900070303_02_104415","ESCHERICHIA COLI (E. COLI)",30674,"TMDL","Willamette"
"OR_WS_170900070303_02_104415","ESCHERICHIA COLI (E. COLI)",35888,"TMDL","Willamette"
"OR_WS_170900070404_02_104421","ESCHERICHIA COLI (E. COLI)",30674,"TMDL","Willamette"
"OR_WS_170900070405_02_104422","ESCHERICHIA COLI (E. COLI)",30674,"TMDL","Willamette"
"OR_WS_170900080204_02_104429","ESCHERICHIA COLI (E. COLI)",30674,"TMDL","Willamette"
"OR_WS_170900080501_02_104439","ESCHERICHIA COLI (E. COLI)",30674,"TMDL","Willamette"
"OR_WS_170900090104_02_104457","DISSOLVED OXYGEN",2037,"TMDL","Willamette"
"OR_WS_170900090104_02_104457","DISSOLVED OXYGEN",35888,"TMDL","Willamette"
"OR_WS_170900090104_02_104457","ESCHERICHIA COLI (E. COLI)",30674,"TMDL","Willamette"
"OR_WS_170900090104_02_104457","ESCHERICHIA COLI (E. COLI)",35888,"TMDL","Willamette"
"OR_WS_170900090108_02_104461","DISSOLVED OXYGEN",2037,"TMDL","Willamette"
"OR_WS_170900090108_02_104461","DISSOLVED OXYGEN",35888,"TMDL","Willamette"
"OR_WS_170900090108_02_104461","ESCHERICHIA COLI (E. COLI)",30674,"TMDL","Willamette"
"OR_WS_170900090108_02_104461","ESCHERICHIA COLI (E. COLI)",35888,"TMDL","Willamette"
"OR_WS_170900090108_02_104461","NITROGEN, NITRATE",35888,"TMDL","Willamette"
"OR_WS_170900090109_02_104462","DISSOLVED OXYGEN",2037,"TMDL","Willamette"
"OR_WS_170900090109_02_104462","DISSOLVED OXYGEN",35888,"TMDL","Willamette"
"OR_WS_170900090109_02_104462","NITROGEN, NITRATE",35888,"TMDL","Willamette"
"OR_WS_170900090204_02_104467","DISSOLVED OXYGEN",2037,"TMDL","Willamette"
"OR_WS_170900090204_02_104467","DISSOLVED OXYGEN",35888,"TMDL","Willamette"
"OR_WS_170900090204_02_104467","ESCHERICHIA COLI (E. COLI)",30674,"TMDL","Willamette"
"OR_WS_170900090204_02_104467","ESCHERICHIA COLI (E. COLI)",35888,"TMDL","Willamette"
"OR_WS_170900090204_02_104467","NITROGEN, NITRATE",35888,"TMDL","Willamette"
"OR_WS_170900090301_02_104468","DISSOLVED OXYGEN",2037,"TMDL","Willamette"
"OR_WS_170900090301_02_104468","DISSOLVED OXYGEN",35888,"TMDL","Willamette"
"OR_WS_170900090301_02_104468","NITROGEN, NITRATE",35888,"TMDL","Willamette"
"OR_WS_170900090303_02_104470","AMMONIA",2037,"TMDL","Willamette"
"OR_WS_170900090303_02_104470","DISSOLVED OXYGEN",2037,"TMDL","Willamette"
"OR_WS_170900090303_02_104470","DISSOLVED OXYGEN",35888,"TMDL","Willamette"
"OR_WS_170900090304_02_104471","ESCHERICHIA COLI (E. COLI)",30674,"TMDL","Willamette"
"OR_WS_170900090304_02_104471","ESCHERICHIA COLI (E. COLI)",35888,"TMDL","Willamette"
"OR_WS_170900090502_02_104481","AMMONIA",2037,"TMDL","Willamette"
"OR_WS_170900090502_02_104481","DISSOLVED OXYGEN",2037,"TMDL","Willamette"
"OR_WS_170900090502_02_104481","DISSOLVED OXYGEN",35888,"TMDL","Willamette"
"OR_WS_170900090502_02_104481","ESCHERICHIA COLI (E. COLI)",30674,"TMDL","Willamette"
"OR_WS_170900090502_02_104481","ESCHERICHIA COLI (E. COLI)",35888,"TMDL","Willamette"
"OR_WS_170900100202_02_104493","DISSOLVED OXYGEN",1936,"TMDL","Willamette"
"OR_WS_170900100202_02_104493","PH",1936,"TMDL","Willamette"
"OR_WS_170900100204_02_104495","ESCHERICHIA COLI (E. COLI)",1936,"TMDL","Willamette"
"OR_WS_170900100204_02_104495","ESCHERICHIA COLI (E. COLI)",30674,"TMDL","Willamette"
"OR_WS_170900100204_02_104495","PH",1936,"TMDL","Willamette"
"OR_WS_170900100204_02_104495","TEMPERATURE",1936,"TMDL","Willamette"
"OR_WS_170900100302_02_104499","TEMPERATURE",1936,"TMDL","Willamette"
"OR_WS_170900100307_02_104504","PH",1936,"TMDL","Willamette"
"OR_WS_170900100401_02_104506","CHLOROPHYLL-A",1936,"TMDL","Willamette"
"OR_WS_170900100401_02_104506","DISSOLVED OXYGEN",1936,"TMDL","Willamette"
"OR_WS_170900100401_02_104506","ESCHERICHIA COLI (E. COLI)",1936,"TMDL","Willamette"
"OR_WS_170900100401_02_104506","ESCHERICHIA COLI (E. COLI)",30674,"TMDL","Willamette"
"OR_WS_170900100401_02_104506","MERCURY",30674,"TMDL","Willamette"
"OR_WS_170900100401_02_104506","PH",1936,"TMDL","Willamette"
"OR_WS_170900100401_02_104506","TEMPERATURE",1936,"TMDL","Willamette"
"OR_WS_170900100402_02_104507","CHLOROPHYLL-A",1936,"TMDL","Willamette"
"OR_WS_170900100402_02_104507","DISSOLVED OXYGEN",1936,"TMDL","Willamette"
"OR_WS_170900100402_02_104507","ESCHERICHIA COLI (E. COLI)",1936,"TMDL","Willamette"
"OR_WS_170900100402_02_104507","ESCHERICHIA COLI (E. COLI)",30674,"TMDL","Willamette"
"OR_WS_170900100402_02_104507","MERCURY",30674,"TMDL","Willamette"
"OR_WS_170900100402_02_104507","PH",1936,"TMDL","Willamette"
"OR_WS_170900100403_02_104508","ESCHERICHIA COLI (E. COLI)",1936,"TMDL","Willamette"
"OR_WS_170900100403_02_104508","ESCHERICHIA COLI (E. COLI)",30674,"TMDL","Willamette"
"OR_WS_170900100403_02_104508","PH",1936,"TMDL","Willamette"
"OR_WS_170900100404_02_104509","PH",1936,"TMDL","Willamette"
"OR_WS_170900100501_02_104512","ESCHERICHIA COLI (E. COLI)",1936,"TMDL","Willamette"
"OR_WS_170900100501_02_104512","ESCHERICHIA COLI (E. COLI)",30674,"TMDL","Willamette"
"OR_WS_170900100501_02_104512","PH",1936,"TMDL","Willamette"
"OR_WS_170900100502_02_104513","CHLOROPHYLL-A",1936,"TMDL","Willamette"
"OR_WS_170900100502_02_104513","DISSOLVED OXYGEN",1936,"TMDL","Willamette"
"OR_WS_170900100502_02_104513","ESCHERICHIA COLI (E. COLI)",1936,"TMDL","Willamette"
"OR_WS_170900100502_02_104513","ESCHERICHIA COLI (E. COLI)",30674,"TMDL","Willamette"
"OR_WS_170900100502_02_104513","MERCURY",30674,"TMDL","Willamette"
"OR_WS_170900100502_02_104513","PH",1936,"TMDL","Willamette"
"OR_WS_170900100502_02_104513","TEMPERATURE",1936,"TMDL","Willamette"
"OR_WS_170900100504_02_104515","CHLOROPHYLL-A",1936,"TMDL","Willamette"
"OR_WS_170900100504_02_104515","DISSOLVED OXYGEN",1936,"TMDL","Willamette"
"OR_WS_170900100504_02_104515","ESCHERICHIA COLI (E. COLI)",1936,"TMDL","Willamette"
"OR_WS_170900100504_02_104515","ESCHERICHIA COLI (E. COLI)",30674,"TMDL","Willamette"
"OR_WS_170900100504_02_104515","PH",1936,"TMDL","Willamette"
"OR_WS_170900110606_02_104548","ESCHERICHIA COLI (E. COLI)",30674,"TMDL","Willamette"
"OR_WS_170900110607_02_104549","ESCHERICHIA COLI (E. COLI)",30674,"TMDL","Willamette"
"OR_WS_170900120101_02_104550","ESCHERICHIA COLI (E. COLI)",30674,"TMDL","Willamette"
"OR_WS_170900120101_02_104550","MERCURY",30674,"TMDL","Willamette"
"OR_WS_170900120102_02_104551","ESCHERICHIA COLI (E. COLI)",30674,"TMDL","Willamette"
"OR_WS_170900120103_02_104552","ESCHERICHIA COLI (E. COLI)",30674,"TMDL","Willamette"
"OR_WS_170900120103_02_104552","MERCURY",30674,"TMDL","Willamette"
"OR_WS_170900120104_02_104553","CHLOROPHYLL-A",1936,"TMDL","Willamette"
"OR_WS_170900120104_02_104553","DISSOLVED OXYGEN",1936,"TMDL","Willamette"
"OR_WS_170900120104_02_104553","ESCHERICHIA COLI (E. COLI)",1936,"TMDL","Willamette"
"OR_WS_170900120104_02_104553","ESCHERICHIA COLI (E. COLI)",30674,"TMDL","Willamette"
"OR_WS_170900120104_02_104553","MERCURY",30674,"TMDL","Willamette"
"OR_WS_170900120104_02_104553","PH",1936,"TMDL","Willamette"
"OR_WS_170900120201_02_104554.1","CHLOROPHYLL-A",321,"TMDL","Willamette"
"OR_WS_170900120201_02_104554.1","DISSOLVED OXYGEN",321,"TMDL","Willamette"
"OR_WS_170900120201_02_104554.1","LEAD",321,"TMDL","Willamette"
"OR_WS_170900120201_02_104554.1","PH",321,"TMDL","Willamette"
"OR_WS_170900120201_02_104554.2","CHLOROPHYLL-A",321,"TMDL","Willamette"
"OR_WS_170900120201_02_104554.2","DISSOLVED OXYGEN",321,"TMDL","Willamette"
"OR_WS_170900120201_02_104554.2","LEAD",321,"TMDL","Willamette"
"OR_WS_170900120201_02_104554.2","PH",321,"TMDL","Willamette"
"OR_WS_170900120202_02_104555","ESCHERICHIA COLI (E. COLI)",30674,"TMDL","Willamette"
"OR_WS_170900120202_02_104555","MERCURY",30674,"TMDL","Willamette"
"OR_WS_170900120302_02_104558","ESCHERICHIA COLI (E. COLI)",30674,"TMDL","Willamette"
"OR_WS_170900120305_02_104561","ESCHERICHIA COLI (E. COLI)",30674,"TMDL","Willamette"
"OR_WS_170900120305_02_104561","MERCURY",30674,"TMDL","Willamette"
