"","OrganizationID","MLocID","StationDes","MonLocType","HUC12_Name","ELEV_Ft","AU_ID","WaterTypeCode","WaterBodyCode","ben_use_code","OWRD_Basin","wqstd_code","Pollu_ID","Char_Name","SampleMedia","SampleSubmedia","Sample_Fraction","Result_status","Statistical_Base","Time_Basis","SampleStartDate","SampleStartTime","Act_Depth_Top","act_depth_height","Result_Type","Result_UID","Result_Numeric","Result_Unit","DO_res","Result_Operator","IRWQSUnitName","lab_Comments","General_Comments","QualifierAbbr","QualifierTxt","DO_code","DO_Class","DO_SpawnCode","SpawnStart","SpawnEnd","crit_30D","crit_7Mi","crit_Min","DO_sat","Temp_res","Violation"
"1","OREGONDEQ","12265-ORDEQ","Donner Und Blitzen River upstream of Page Springs Campground","River/Stream","Dry Creek-Donner und Blitzen River",4235,"OR_SR_1712000301_05_106475",2,2,5,"Malheur Lake",3,154,"Dissolved oxygen (DO)","Water","Surface Water",NA,"Final",NA,NA,2012-05-01,"16:54:00",NA,NA,"Actual",47277260,10.1,"mg/l",10.1,"=","mg/l",NA,"NULL","DQL=A","Data of known Quality; meets QC limits established in a DEQ approved QAPP.",3,"Cool Water",35,"4/1","7/15",6.5,5,4,100,10.9,0
"2","OREGONDEQ","33929-ORDEQ","Silvies River at West Loop Road","River/Stream","Fenwick Canyon-Silvies River",4166,"OR_SR_1712000207_05_106473",2,2,5,"Malheur Lake",3,154,"Dissolved oxygen (DO)","Water","Surface Water","Dissolved","Final",NA,NA,2017-09-18,"14:17:00",NA,NA,"Actual",47015560,8.2,"mg/l",8.2,"=","mg/l",NA,NA,"DQL=A","Data of known Quality; meets QC limits established in a DEQ approved QAPP.",3,"Cool Water",35,"4/1","7/15",6.5,5,4,93,14.1,1
"3","OREGONDEQ","33929-ORDEQ","Silvies River at West Loop Road","River/Stream","Fenwick Canyon-Silvies River",4166,"OR_SR_1712000207_05_106473",2,2,5,"Malheur Lake",3,154,"Dissolved oxygen (DO)","Water","Surface Water","Dissolved","Final",NA,NA,2017-10-30,"14:03:00",NA,NA,"Actual",47015592,9.8,"mg/l",9.8,"=","mg/l",NA,NA,"DQL=A","Data of known Quality; meets QC limits established in a DEQ approved QAPP.",3,"Cool Water",35,"4/1","7/15",6.5,5,4,99,9.3,0
"4","OREGONDEQ","12265-ORDEQ","Donner Und Blitzen River upstream of Page Springs Campground","River/Stream","Dry Creek-Donner und Blitzen River",4235,"OR_SR_1712000301_05_106475",2,2,5,"Malheur Lake",3,154,"Dissolved oxygen (DO)","Water","Surface Water","Dissolved","Final",NA,NA,2016-11-08,"10:33:00",NA,NA,"Actual",46889296,12.1,"mg/l",12.1,"=","mg/l",NA,NA,"DQL=A","Data of known Quality; meets QC limits established in a DEQ approved QAPP.",3,"Cool Water",35,"4/1","7/15",6.5,5,4,100,8.5,0
"5","OREGONDEQ","13014-ORDEQ","South Fork Blitzen River at Blitzen Crossing","River/Stream","Mud Creek-Donner und Blitzen River",5067,"OR_SR_1712000301_05_106475",2,2,5,"Malheur Lake",3,154,"Dissolved oxygen (DO)","Water","Surface Water",NA,"Final",NA,NA,2011-12-13,"14:20:00",NA,NA,"Actual",47270758,12.1,"mg/l",12.1,"=","mg/l",NA,"NULL","DQL=A","Data of known Quality; meets QC limits established in a DEQ approved QAPP.",3,"Cool Water",35,"4/1","7/15",6.5,5,4,100,1.4,0
"6","OREGONDEQ","12264-ORDEQ","Whitehorse Creek at Whitehorse Ranch Road","River/Stream","Lower Whitehorse Creek",4376,"OR_WS_171200090405_05_106887",2,2,5,"Malheur Lake",3,154,"Dissolved oxygen (DO)","Water","Surface Water","Dissolved","Final",NA,NA,2013-05-15,"08:45:00",NA,NA,"Actual",45349292,8.7,"mg/l",8.7,"=","mg/l",NA,NA,"DQL=A","Data of known Quality; meets QC limits established in a DEQ approved QAPP.",3,"Cool Water",35,"4/1","7/15",6.5,5,4,100,14.5,0
"7","OREGONDEQ","13014-ORDEQ","South Fork Blitzen River at Blitzen Crossing","River/Stream","Mud Creek-Donner und Blitzen River",5067,"OR_SR_1712000301_05_106475",2,2,5,"Malheur Lake",3,154,"Dissolved oxygen (DO)","Water","Surface Water","Dissolved","Final",NA,NA,2014-07-29,"14:13:00",NA,NA,"Actual",44852882,8.3,"mg/l",8.3,"=","mg/l",NA,NA,"DQL=A","Data of known Quality; meets QC limits established in a DEQ approved QAPP.",3,"Cool Water",35,"4/1","7/15",6.5,5,4,100,18.9,0
"8","OREGONDEQ","12264-ORDEQ","Whitehorse Creek at Whitehorse Ranch Road","River/Stream","Lower Whitehorse Creek",4376,"OR_WS_171200090405_05_106887",2,2,5,"Malheur Lake",3,154,"Dissolved oxygen (DO)","Water","Surface Water","Dissolved","Final",NA,NA,2014-03-25,"13:25:00",NA,NA,"Actual",45349868,9.9,"mg/l",9.9,"=","mg/l",NA,NA,"DQL=A","Data of known Quality; meets QC limits established in a DEQ approved QAPP.",3,"Cool Water",35,"4/1","7/15",6.5,5,4,100,9.3,0
"9","OREGONDEQ","31495-ORDEQ","Guano Creek, Hart Mountain","River/Stream","Guano Creek",5865,"OR_WS_171200080301_05_106802",2,2,5,"Malheur Lake",3,154,"Dissolved oxygen (DO)","Water","Surface Water","Dissolved","Final",NA,NA,2015-06-17,"09:49:00",NA,NA,"Actual",44503936,8.8,"mg/l",8.8,"=","mg/l",NA,NA,"DQL=A","Data of known Quality; meets QC limits established in a DEQ approved QAPP.",3,"Cool Water",35,"4/1","7/15",6.5,5,4,100,15.3,0
"10","OREGONDEQ","12264-ORDEQ","Whitehorse Creek at Whitehorse Ranch Road","River/Stream","Lower Whitehorse Creek",4376,"OR_WS_171200090405_05_106887",2,2,5,"Malheur Lake",3,154,"Dissolved oxygen (DO)","Water","Surface Water","Dissolved","Final",NA,NA,2017-09-19,"13:13:00",NA,NA,"Actual",46889101,9.9,"mg/l",9.9,"=","mg/l",NA,NA,"DQL=A","Data of known Quality; meets QC limits established in a DEQ approved QAPP.",3,"Cool Water",35,"4/1","7/15",6.5,5,4,100,9.7,0
"11","OREGONDEQ","33929-ORDEQ","Silvies River at West Loop Road","River/Stream","Fenwick Canyon-Silvies River",4166,"OR_SR_1712000207_05_106473",2,2,5,"Malheur Lake",3,154,"Dissolved oxygen (DO)","Water","Surface Water","Dissolved","Final",NA,NA,2014-01-27,"14:27:00",NA,NA,"Actual",45683794,12.4,"mg/l",12.4,"=","mg/l",NA,NA,"DQL=A","Data of known Quality; meets QC limits established in a DEQ approved QAPP.",3,"Cool Water",35,"4/1","7/15",6.5,5,4,100,2,0
"12","OREGONDEQ","13014-ORDEQ","South Fork Blitzen River at Blitzen Crossing","River/Stream","Mud Creek-Donner und Blitzen River",5067,"OR_SR_1712000301_05_106475",2,2,5,"Malheur Lake",3,154,"Dissolved oxygen (DO)","Water","Surface Water","Dissolved","Final",NA,NA,2013-09-23,"15:45:00",NA,NA,"Actual",44852704,8.7,"mg/l",8.7,"=","mg/l",NA,NA,"DQL=A","Data of known Quality; meets QC limits established in a DEQ approved QAPP.",3,"Cool Water",35,"4/1","7/15",6.5,5,4,100,13.4,0
"13","OREGONDEQ","13014-ORDEQ","South Fork Blitzen River at Blitzen Crossing","River/Stream","Mud Creek-Donner und Blitzen River",5067,"OR_SR_1712000301_05_106475",2,2,5,"Malheur Lake",3,154,"Dissolved oxygen (DO)","Water","Surface Water","Dissolved","Final",NA,NA,2013-09-23,"15:45:00",NA,NA,"Actual",44852704,8.7,"mg/l",8.7,"=","mg/l",NA,NA,"DQL=A","Data of known Quality; meets QC limits established in a DEQ approved QAPP.",3,"Cool Water",35,"4/1","7/15",6.5,5,4,100,13.4,0
"14","OREGONDEQ","13014-ORDEQ","South Fork Blitzen River at Blitzen Crossing","River/Stream","Mud Creek-Donner und Blitzen River",5067,"OR_SR_1712000301_05_106475",2,2,5,"Malheur Lake",3,154,"Dissolved oxygen (DO)","Water","Surface Water","Dissolved","Final",NA,NA,2013-09-23,"15:45:00",NA,NA,"Actual",44852704,8.7,"mg/l",8.7,"=","mg/l",NA,NA,"DQL=A","Data of known Quality; meets QC limits established in a DEQ approved QAPP.",3,"Cool Water",35,"4/1","7/15",6.5,5,4,100,13.4,0
"15","OREGONDEQ","13014-ORDEQ","South Fork Blitzen River at Blitzen Crossing","River/Stream","Mud Creek-Donner und Blitzen River",5067,"OR_SR_1712000301_05_106475",2,2,5,"Malheur Lake",3,154,"Dissolved oxygen (DO)","Water","Surface Water","Dissolved","Final",NA,NA,2013-09-23,"15:45:00",NA,NA,"Actual",44852704,8.7,"mg/l",8.7,"=","mg/l",NA,NA,"DQL=A","Data of known Quality; meets QC limits established in a DEQ approved QAPP.",3,"Cool Water",35,"4/1","7/15",6.5,5,4,100,13.4,0
"16","OREGONDEQ","12264-ORDEQ","Whitehorse Creek at Whitehorse Ranch Road","River/Stream","Lower Whitehorse Creek",4376,"OR_WS_171200090405_05_106887",2,2,5,"Malheur Lake",3,154,"Dissolved oxygen (DO)","Water","Surface Water","Dissolved","Final",NA,NA,2013-09-23,"12:25:00",NA,NA,"Actual",45349840,9,"mg/l",9,"=","mg/l",NA,NA,"DQL=A","Data of known Quality; meets QC limits established in a DEQ approved QAPP.",3,"Cool Water",35,"4/1","7/15",6.5,5,4,100,15.3,0
"17","OREGONDEQ","12264-ORDEQ","Whitehorse Creek at Whitehorse Ranch Road","River/Stream","Lower Whitehorse Creek",4376,"OR_WS_171200090405_05_106887",2,2,5,"Malheur Lake",3,154,"Dissolved oxygen (DO)","Water","Surface Water","Dissolved","Final",NA,NA,2013-09-23,"12:25:00",NA,NA,"Actual",45349840,9,"mg/l",9,"=","mg/l",NA,NA,"DQL=A","Data of known Quality; meets QC limits established in a DEQ approved QAPP.",3,"Cool Water",35,"4/1","7/15",6.5,5,4,100,15.3,0
"18","OREGONDEQ","12264-ORDEQ","Whitehorse Creek at Whitehorse Ranch Road","River/Stream","Lower Whitehorse Creek",4376,"OR_WS_171200090405_05_106887",2,2,5,"Malheur Lake",3,154,"Dissolved oxygen (DO)","Water","Surface Water","Dissolved","Final",NA,NA,2013-09-23,"12:25:00",NA,NA,"Actual",45349840,9,"mg/l",9,"=","mg/l",NA,NA,"DQL=A","Data of known Quality; meets QC limits established in a DEQ approved QAPP.",3,"Cool Water",35,"4/1","7/15",6.5,5,4,100,15.3,0
"19","OREGONDEQ","12264-ORDEQ","Whitehorse Creek at Whitehorse Ranch Road","River/Stream","Lower Whitehorse Creek",4376,"OR_WS_171200090405_05_106887",2,2,5,"Malheur Lake",3,154,"Dissolved oxygen (DO)","Water","Surface Water","Dissolved","Final",NA,NA,2013-09-23,"12:25:00",NA,NA,"Actual",45349840,9,"mg/l",9,"=","mg/l",NA,NA,"DQL=A","Data of known Quality; meets QC limits established in a DEQ approved QAPP.",3,"Cool Water",35,"4/1","7/15",6.5,5,4,100,15.3,0
"20","OREGONDEQ","12264-ORDEQ","Whitehorse Creek at Whitehorse Ranch Road","River/Stream","Lower Whitehorse Creek",4376,"OR_WS_171200090405_05_106887",2,2,5,"Malheur Lake",3,154,"Dissolved oxygen (DO)","Water","Surface Water",NA,"Final",NA,NA,2012-05-01,"14:02:00",NA,NA,"Actual",47277243,8.7,"mg/l",8.7,"=","mg/l",NA,"NULL","DQL=A","Data of known Quality; meets QC limits established in a DEQ approved QAPP.",3,"Cool Water",35,"4/1","7/15",6.5,5,4,94,15.3,1
"21","OREGONDEQ","12264-ORDEQ","Whitehorse Creek at Whitehorse Ranch Road","River/Stream","Lower Whitehorse Creek",4376,"OR_WS_171200090405_05_106887",2,2,5,"Malheur Lake",3,154,"Dissolved oxygen (DO)","Water","Surface Water","Dissolved","Final",NA,NA,2014-09-23,"13:01:00",NA,NA,"Actual",45349916,9.3,"mg/l",9.3,"=","mg/l",NA,NA,"DQL=A","Data of known Quality; meets QC limits established in a DEQ approved QAPP.",3,"Cool Water",35,"4/1","7/15",6.5,5,4,100,21.2,0
"22","OREGONDEQ","33929-ORDEQ","Silvies River at West Loop Road","River/Stream","Fenwick Canyon-Silvies River",4166,"OR_SR_1712000207_05_106473",2,2,5,"Malheur Lake",3,154,"Dissolved oxygen (DO)","Water","Surface Water","Dissolved","Final",NA,NA,2015-10-25,"14:57:00",NA,NA,"Actual",45684300,8.6,"mg/l",8.6,"=","mg/l",NA,NA,"DQL=A","Data of known Quality; meets QC limits established in a DEQ approved QAPP.",3,"Cool Water",35,"4/1","7/15",6.5,5,4,91,10.2,1
"23","OREGONDEQ","12265-ORDEQ","Donner Und Blitzen River upstream of Page Springs Campground","River/Stream","Dry Creek-Donner und Blitzen River",4235,"OR_SR_1712000301_05_106475",2,2,5,"Malheur Lake",3,154,"Dissolved oxygen (DO)","Water","Surface Water","Dissolved","Final",NA,NA,2016-05-18,"06:31:00",NA,NA,"Actual",46889206,9.7,"mg/l",9.7,"=","mg/l",NA,NA,"DQL=A","Data of known Quality; meets QC limits established in a DEQ approved QAPP.",3,"Cool Water",35,"4/1","7/15",6.5,5,4,98,9.4,0
"24","OREGONDEQ","33929-ORDEQ","Silvies River at West Loop Road","River/Stream","Fenwick Canyon-Silvies River",4166,"OR_SR_1712000207_05_106473",2,2,5,"Malheur Lake",3,154,"Dissolved oxygen (DO)","Water","Surface Water","Dissolved","Final",NA,NA,2015-01-05,"14:59:00",NA,NA,"Actual",45684026,11.5,"mg/l",11.5,"=","mg/l",NA,NA,"DQL=A","Data of known Quality; meets QC limits established in a DEQ approved QAPP.",3,"Cool Water",35,"4/1","7/15",6.5,5,4,96,1.1,0
"25","OREGONDEQ","12264-ORDEQ","Whitehorse Creek at Whitehorse Ranch Road","River/Stream","Lower Whitehorse Creek",4376,"OR_WS_171200090405_05_106887",2,2,5,"Malheur Lake",3,154,"Dissolved oxygen (DO)","Water","Surface Water","Dissolved","Final",NA,NA,2016-03-22,"09:33:00",NA,NA,"Actual",46888902,10.9,"mg/l",10.9,"=","mg/l",NA,NA,"DQL=A","Data of known Quality; meets QC limits established in a DEQ approved QAPP.",3,"Cool Water",35,"4/1","7/15",6.5,5,4,100,5.2,0
"26","OREGONDEQ","13014-ORDEQ","South Fork Blitzen River at Blitzen Crossing","River/Stream","Mud Creek-Donner und Blitzen River",5067,"OR_SR_1712000301_05_106475",2,2,5,"Malheur Lake",3,154,"Dissolved oxygen (DO)","Water","Surface Water","Dissolved","Final",NA,NA,2013-05-15,"11:45:00",NA,NA,"Actual",44851840,9.8,"mg/l",9.8,"=","mg/l",NA,NA,"DQL=A","Data of known Quality; meets QC limits established in a DEQ approved QAPP.",3,"Cool Water",35,"4/1","7/15",6.5,5,4,100,10.2,0
"27","OREGONDEQ","33929-ORDEQ","Silvies River at West Loop Road","River/Stream","Fenwick Canyon-Silvies River",4166,"OR_SR_1712000207_05_106473",2,2,5,"Malheur Lake",3,154,"Dissolved oxygen (DO)","Water","Surface Water",NA,"Final",NA,NA,2012-07-16,"19:35:00",NA,NA,"Actual",47280841,6.9,"mg/l",6.9,"=","mg/l",NA,"NULL","DQL=A","Data of known Quality; meets QC limits established in a DEQ approved QAPP.",3,"Cool Water",35,"4/1","7/15",6.5,5,4,93,22,1
"28","OREGONDEQ","33929-ORDEQ","Silvies River at West Loop Road","River/Stream","Fenwick Canyon-Silvies River",4166,"OR_SR_1712000207_05_106473",2,2,5,"Malheur Lake",3,154,"Dissolved oxygen (DO)","Water","Surface Water","Dissolved","Final",NA,NA,2016-03-21,"08:23:00",NA,NA,"Actual",47015108,10.2,"mg/l",10.2,"=","mg/l",NA,NA,"DQL=A","Data of known Quality; meets QC limits established in a DEQ approved QAPP.",3,"Cool Water",35,"4/1","7/15",6.5,5,4,97,6.4,0
"29","OREGONDEQ","13014-ORDEQ","South Fork Blitzen River at Blitzen Crossing","River/Stream","Mud Creek-Donner und Blitzen River",5067,"OR_SR_1712000301_05_106475",2,2,5,"Malheur Lake",3,154,"Dissolved oxygen (DO)","Water","Surface Water",NA,"Final",NA,NA,2012-07-18,"12:05:00",NA,NA,"Actual",47280933,8.6,"mg/l",8.6,"=","mg/l",NA,"NULL","DQL=A","Data of known Quality; meets QC limits established in a DEQ approved QAPP.",3,"Cool Water",35,"4/1","7/15",6.5,5,4,100,16,0
"30","OREGONDEQ","33929-ORDEQ","Silvies River at West Loop Road","River/Stream","Fenwick Canyon-Silvies River",4166,"OR_SR_1712000207_05_106473",2,2,5,"Malheur Lake",3,154,"Dissolved oxygen (DO)","Water","Surface Water","Dissolved","Final",NA,NA,2018-03-26,"13:57:00",NA,NA,"Actual",47015625,11.2,"mg/l",11.2,"=","mg/l",NA,NA,"DQL=A","Data of known Quality; meets QC limits established in a DEQ approved QAPP.",3,"Cool Water",35,"4/1","7/15",6.5,5,4,100,5.7,0
"31","OREGONDEQ","13014-ORDEQ","South Fork Blitzen River at Blitzen Crossing","River/Stream","Mud Creek-Donner und Blitzen River",5067,"OR_SR_1712000301_05_106475",2,2,5,"Malheur Lake",3,154,"Dissolved oxygen (DO)","Water","Surface Water","Dissolved","Final",NA,NA,2015-07-28,"13:11:00",NA,NA,"Actual",44853216,8.5,"mg/l",8.5,"=","mg/l",NA,NA,"DQL=A","Data of known Quality; meets QC limits established in a DEQ approved QAPP.",3,"Cool Water",35,"4/1","7/15",6.5,5,4,100,18.2,0
"32","OREGONDEQ","13014-ORDEQ","South Fork Blitzen River at Blitzen Crossing","River/Stream","Mud Creek-Donner und Blitzen River",5067,"OR_SR_1712000301_05_106475",2,2,5,"Malheur Lake",3,154,"Dissolved oxygen (DO)","Water","Surface Water","Dissolved","Final",NA,NA,2015-09-22,"11:37:00",NA,NA,"Actual",44853291,9,"mg/l",9,"=","mg/l",NA,NA,"DQL=A","Data of known Quality; meets QC limits established in a DEQ approved QAPP.",3,"Cool Water",35,"4/1","7/15",6.5,5,4,100,14.8,0
"33","OREGONDEQ","33929-ORDEQ","Silvies River at West Loop Road","River/Stream","Fenwick Canyon-Silvies River",4166,"OR_SR_1712000207_05_106473",2,2,5,"Malheur Lake",3,154,"Dissolved oxygen (DO)","Water","Surface Water","Dissolved","Final",NA,NA,2013-05-14,"10:36:00",NA,NA,"Actual",45683235,7.4,"mg/l",7.4,"=","mg/l",NA,NA,"DQL=A","Data of known Quality; meets QC limits established in a DEQ approved QAPP.",3,"Cool Water",35,"4/1","7/15",6.5,5,4,87,16.2,1
"34","OREGONDEQ","12264-ORDEQ","Whitehorse Creek at Whitehorse Ranch Road","River/Stream","Lower Whitehorse Creek",4376,"OR_WS_171200090405_05_106887",2,2,5,"Malheur Lake",3,154,"Dissolved oxygen (DO)","Water","Surface Water","Dissolved","Final",NA,NA,2013-03-26,"08:35:00",NA,NA,"Actual",45349276,10.3,"mg/l",10.3,"=","mg/l",NA,NA,"DQL=A","Data of known Quality; meets QC limits established in a DEQ approved QAPP.",3,"Cool Water",35,"4/1","7/15",6.5,5,4,100,7.2,0
"35","OREGONDEQ","33929-ORDEQ","Silvies River at West Loop Road","River/Stream","Fenwick Canyon-Silvies River",4166,"OR_SR_1712000207_05_106473",2,2,5,"Malheur Lake",3,154,"Dissolved oxygen (DO)","Water","Surface Water",NA,"Final",NA,NA,2012-10-29,"09:30:00",NA,NA,"Actual",47286912,10.2,"mg/l",10.2,"=","mg/l",NA,"NULL","DQL=A","Data of known Quality; meets QC limits established in a DEQ approved QAPP.",3,"Cool Water",35,"4/1","7/15",6.5,5,4,95,5.8,0
"36","OREGONDEQ","33929-ORDEQ","Silvies River at West Loop Road","River/Stream","Fenwick Canyon-Silvies River",4166,"OR_SR_1712000207_05_106473",2,2,5,"Malheur Lake",3,154,"Dissolved oxygen (DO)","Water","Surface Water","Dissolved","Final",NA,NA,2017-07-24,"17:17:00",NA,NA,"Actual",47015527,7.1,"mg/l",7.1,"=","mg/l",NA,NA,"DQL=A","Data of known Quality; meets QC limits established in a DEQ approved QAPP.",3,"Cool Water",35,"4/1","7/15",6.5,5,4,97,24,0
"37","OREGONDEQ","12265-ORDEQ","Donner Und Blitzen River upstream of Page Springs Campground","River/Stream","Dry Creek-Donner und Blitzen River",4235,"OR_SR_1712000301_05_106475",2,2,5,"Malheur Lake",3,154,"Dissolved oxygen (DO)","Water","Surface Water","Dissolved","Final",NA,NA,2018-03-28,"08:31:00",NA,NA,"Actual",46889421,11,"mg/l",11,"=","mg/l",NA,NA,"DQL=A","Data of known Quality; meets QC limits established in a DEQ approved QAPP.",3,"Cool Water",35,"4/1","7/15",6.5,5,4,100,6,0
"38","OREGONDEQ","12264-ORDEQ","Whitehorse Creek at Whitehorse Ranch Road","River/Stream","Lower Whitehorse Creek",4376,"OR_WS_171200090405_05_106887",2,2,5,"Malheur Lake",3,154,"Dissolved oxygen (DO)","Water","Surface Water","Dissolved","Final",NA,NA,2014-01-28,"12:31:00",NA,NA,"Actual",45349854,11.9,"mg/l",11.9,"=","mg/l",NA,NA,"DQL=A","Data of known Quality; meets QC limits established in a DEQ approved QAPP.",3,"Cool Water",35,"4/1","7/15",6.5,5,4,100,2.8,0
"39","OREGONDEQ","13014-ORDEQ","South Fork Blitzen River at Blitzen Crossing","River/Stream","Mud Creek-Donner und Blitzen River",5067,"OR_SR_1712000301_05_106475",2,2,5,"Malheur Lake",3,154,"Dissolved oxygen (DO)","Water","Surface Water","Dissolved","Final",NA,NA,2016-07-26,"11:09:00",NA,NA,"Actual",46893543,8.2,"mg/l",8.2,"=","mg/l",NA,NA,"DQL=A","Data of known Quality; meets QC limits established in a DEQ approved QAPP.",3,"Cool Water",35,"4/1","7/15",6.5,5,4,100,17.2,0
"40","OREGONDEQ","33929-ORDEQ","Silvies River at West Loop Road","River/Stream","Fenwick Canyon-Silvies River",4166,"OR_SR_1712000207_05_106473",2,2,5,"Malheur Lake",3,154,"Dissolved oxygen (DO)","Water","Surface Water","Dissolved","Final",NA,NA,2015-05-18,"15:53:00",NA,NA,"Actual",45684096,8.9,"mg/l",8.9,"=","mg/l",NA,NA,"DQL=A","Data of known Quality; meets QC limits established in a DEQ approved QAPP.",3,"Cool Water",35,"4/1","7/15",6.5,5,4,100,13.5,0
"41","OREGONDEQ","12265-ORDEQ","Donner Und Blitzen River upstream of Page Springs Campground","River/Stream","Dry Creek-Donner und Blitzen River",4235,"OR_SR_1712000301_05_106475",2,2,5,"Malheur Lake",3,154,"Dissolved oxygen (DO)","Water","Surface Water","Dissolved","Final",NA,NA,2017-03-29,"08:19:00",NA,NA,"Actual",46889313,11,"mg/l",11,"=","mg/l",NA,NA,"DQL=A","Data of known Quality; meets QC limits established in a DEQ approved QAPP.",3,"Cool Water",35,"4/1","7/15",6.5,5,4,100,5.6,0
"42","OREGONDEQ","13014-ORDEQ","South Fork Blitzen River at Blitzen Crossing","River/Stream","Mud Creek-Donner und Blitzen River",5067,"OR_SR_1712000301_05_106475",2,2,5,"Malheur Lake",3,154,"Dissolved oxygen (DO)","Water","Surface Water","Dissolved","Final",NA,NA,2013-09-23,"15:45:00",NA,NA,"Actual",44852741,8.7,"mg/l",8.7,"=","mg/l",NA,NA,"DQL=A","Data of known Quality; meets QC limits established in a DEQ approved QAPP.",3,"Cool Water",35,"4/1","7/15",6.5,5,4,100,13.4,0
"43","OREGONDEQ","13014-ORDEQ","South Fork Blitzen River at Blitzen Crossing","River/Stream","Mud Creek-Donner und Blitzen River",5067,"OR_SR_1712000301_05_106475",2,2,5,"Malheur Lake",3,154,"Dissolved oxygen (DO)","Water","Surface Water","Dissolved","Final",NA,NA,2013-09-23,"15:45:00",NA,NA,"Actual",44852741,8.7,"mg/l",8.7,"=","mg/l",NA,NA,"DQL=A","Data of known Quality; meets QC limits established in a DEQ approved QAPP.",3,"Cool Water",35,"4/1","7/15",6.5,5,4,100,13.4,0
"44","OREGONDEQ","13014-ORDEQ","South Fork Blitzen River at Blitzen Crossing","River/Stream","Mud Creek-Donner und Blitzen River",5067,"OR_SR_1712000301_05_106475",2,2,5,"Malheur Lake",3,154,"Dissolved oxygen (DO)","Water","Surface Water","Dissolved","Final",NA,NA,2013-09-23,"15:45:00",NA,NA,"Actual",44852741,8.7,"mg/l",8.7,"=","mg/l",NA,NA,"DQL=A","Data of known Quality; meets QC limits established in a DEQ approved QAPP.",3,"Cool Water",35,"4/1","7/15",6.5,5,4,100,13.4,0
"45","OREGONDEQ","13014-ORDEQ","South Fork Blitzen River at Blitzen Crossing","River/Stream","Mud Creek-Donner und Blitzen River",5067,"OR_SR_1712000301_05_106475",2,2,5,"Malheur Lake",3,154,"Dissolved oxygen (DO)","Water","Surface Water","Dissolved","Final",NA,NA,2013-09-23,"15:45:00",NA,NA,"Actual",44852741,8.7,"mg/l",8.7,"=","mg/l",NA,NA,"DQL=A","Data of known Quality; meets QC limits established in a DEQ approved QAPP.",3,"Cool Water",35,"4/1","7/15",6.5,5,4,100,13.4,0
"46","OREGONDEQ","12265-ORDEQ","Donner Und Blitzen River upstream of Page Springs Campground","River/Stream","Dry Creek-Donner und Blitzen River",4235,"OR_SR_1712000301_05_106475",2,2,5,"Malheur Lake",3,154,"Dissolved oxygen (DO)","Water","Surface Water","Dissolved","Final",NA,NA,2014-03-26,"07:56:00",NA,NA,"Actual",45350800,10.9,"mg/l",10.9,"=","mg/l",NA,NA,"DQL=A","Data of known Quality; meets QC limits established in a DEQ approved QAPP.",3,"Cool Water",35,"4/1","7/15",6.5,5,4,100,4.5,0
"47","OREGONDEQ","12265-ORDEQ","Donner Und Blitzen River upstream of Page Springs Campground","River/Stream","Dry Creek-Donner und Blitzen River",4235,"OR_SR_1712000301_05_106475",2,2,5,"Malheur Lake",3,154,"Dissolved oxygen (DO)","Water","Surface Water","Dissolved","Final",NA,NA,2015-07-29,"06:23:00",NA,NA,"Actual",45351035,8.7,"mg/l",8.7,"=","mg/l",NA,NA,"DQL=A","Data of known Quality; meets QC limits established in a DEQ approved QAPP.",3,"Cool Water",35,"4/1","7/15",6.5,5,4,94,12.7,1
"48","OREGONDEQ","13014-ORDEQ","South Fork Blitzen River at Blitzen Crossing","River/Stream","Mud Creek-Donner und Blitzen River",5067,"OR_SR_1712000301_05_106475",2,2,5,"Malheur Lake",3,154,"Dissolved oxygen (DO)","Water","Surface Water","Dissolved","Final",NA,NA,2017-11-01,"09:37:00",NA,NA,"Actual",46893646,11.1,"mg/l",11.1,"=","mg/l",NA,NA,"DQL=A","Data of known Quality; meets QC limits established in a DEQ approved QAPP.",3,"Cool Water",35,"4/1","7/15",6.5,5,4,100,3.7,0
"49","OREGONDEQ","12264-ORDEQ","Whitehorse Creek at Whitehorse Ranch Road","River/Stream","Lower Whitehorse Creek",4376,"OR_WS_171200090405_05_106887",2,2,5,"Malheur Lake",3,154,"Dissolved oxygen (DO)","Water","Surface Water","Dissolved","Final",NA,NA,2015-03-24,"13:29:00",NA,NA,"Actual",45350024,10.3,"mg/l",10.3,"=","mg/l",NA,NA,"DQL=A","Data of known Quality; meets QC limits established in a DEQ approved QAPP.",3,"Cool Water",35,"4/1","7/15",6.5,5,4,100,7.9,0
"50","OREGONDEQ","12265-ORDEQ","Donner Und Blitzen River upstream of Page Springs Campground","River/Stream","Dry Creek-Donner und Blitzen River",4235,"OR_SR_1712000301_05_106475",2,2,5,"Malheur Lake",3,154,"Dissolved oxygen (DO)","Water","Surface Water","Dissolved","Final",NA,NA,2016-07-26,"14:53:00",NA,NA,"Actual",46889260,8.8,"mg/l",8.8,"=","mg/l",NA,NA,"DQL=A","Data of known Quality; meets QC limits established in a DEQ approved QAPP.",3,"Cool Water",35,"4/1","7/15",6.5,5,4,100,24.2,0
"51","OREGONDEQ","12264-ORDEQ","Whitehorse Creek at Whitehorse Ranch Road","River/Stream","Lower Whitehorse Creek",4376,"OR_WS_171200090405_05_106887",2,2,5,"Malheur Lake",3,154,"Dissolved oxygen (DO)","Water","Surface Water","Dissolved","Final",NA,NA,2017-07-25,"14:51:00",NA,NA,"Actual",46889082,7,"mg/l",7,"=","mg/l",NA,NA,"DQL=A","Data of known Quality; meets QC limits established in a DEQ approved QAPP.",3,"Cool Water",35,"4/1","7/15",6.5,5,4,99,24.8,0
"52","OREGONDEQ","12264-ORDEQ","Whitehorse Creek at Whitehorse Ranch Road","River/Stream","Lower Whitehorse Creek",4376,"OR_WS_171200090405_05_106887",2,2,5,"Malheur Lake",3,154,"Dissolved oxygen (DO)","Water","Surface Water","Dissolved","Final",NA,NA,2018-01-23,"13:23:00",NA,NA,"Actual",46889135,12.3,"mg/l",12.3,"=","mg/l",NA,NA,"DQL=A","Data of known Quality; meets QC limits established in a DEQ approved QAPP.",3,"Cool Water",35,"4/1","7/15",6.5,5,4,100,2.1,0
"53","OREGONDEQ","12264-ORDEQ","Whitehorse Creek at Whitehorse Ranch Road","River/Stream","Lower Whitehorse Creek",4376,"OR_WS_171200090405_05_106887",2,2,5,"Malheur Lake",3,154,"Dissolved oxygen (DO)","Water","Surface Water","Dissolved","Final",NA,NA,2017-05-16,"13:07:00",NA,NA,"Actual",46889062,9.9,"mg/l",9.9,"=","mg/l",NA,NA,"DQL=A","Data of known Quality; meets QC limits established in a DEQ approved QAPP.",3,"Cool Water",35,"4/1","7/15",6.5,5,4,100,9,0
"54","OREGONDEQ","33929-ORDEQ","Silvies River at West Loop Road","River/Stream","Fenwick Canyon-Silvies River",4166,"OR_SR_1712000207_05_106473",2,2,5,"Malheur Lake",3,154,"Dissolved oxygen (DO)","Water","Surface Water","Dissolved","Final",NA,NA,2013-03-25,"09:45:00",NA,NA,"Actual",45683219,11.8,"mg/l",11.8,"=","mg/l",NA,NA,"DQL=A","Data of known Quality; meets QC limits established in a DEQ approved QAPP.",3,"Cool Water",35,"4/1","7/15",6.5,5,4,100,3,0
"55","OREGONDEQ","13014-ORDEQ","South Fork Blitzen River at Blitzen Crossing","River/Stream","Mud Creek-Donner und Blitzen River",5067,"OR_SR_1712000301_05_106475",2,2,5,"Malheur Lake",3,154,"Dissolved oxygen (DO)","Water","Surface Water","Dissolved","Final",NA,NA,2017-09-19,"14:31:00",NA,NA,"Actual",46893629,9.9,"mg/l",9.9,"=","mg/l",NA,NA,"DQL=A","Data of known Quality; meets QC limits established in a DEQ approved QAPP.",3,"Cool Water",35,"4/1","7/15",6.5,5,4,100,10.3,0
"56","OREGONDEQ","12264-ORDEQ","Whitehorse Creek at Whitehorse Ranch Road","River/Stream","Lower Whitehorse Creek",4376,"OR_WS_171200090405_05_106887",2,2,5,"Malheur Lake",3,154,"Dissolved oxygen (DO)","Water","Surface Water",NA,"Final",NA,NA,2012-10-30,"08:22:00",NA,NA,"Actual",47287029,9.8,"mg/l",9.8,"=","mg/l",NA,"NULL","DQL=A","Data of known Quality; meets QC limits established in a DEQ approved QAPP.",3,"Cool Water",35,"4/1","7/15",6.5,5,4,94,7.1,1
"57","OREGONDEQ","12265-ORDEQ","Donner Und Blitzen River upstream of Page Springs Campground","River/Stream","Dry Creek-Donner und Blitzen River",4235,"OR_SR_1712000301_05_106475",2,2,5,"Malheur Lake",3,154,"Dissolved oxygen (DO)","Water","Surface Water",NA,"Final",NA,NA,2012-03-20,"15:15:00",NA,NA,"Actual",47275170,11.2,"mg/l",11.2,"=","mg/l",NA,"NULL","DQL=A","Data of known Quality; meets QC limits established in a DEQ approved QAPP.",3,"Cool Water",35,"4/1","7/15",6.5,5,4,100,5.4,0
"58","OREGONDEQ","33929-ORDEQ","Silvies River at West Loop Road","River/Stream","Fenwick Canyon-Silvies River",4166,"OR_SR_1712000207_05_106473",2,2,5,"Malheur Lake",3,154,"Dissolved oxygen (DO)","Water","Surface Water","Dissolved","Final",NA,NA,2017-05-15,"12:53:00",NA,NA,"Actual",47015493,9.3,"mg/l",9.3,"=","mg/l",NA,NA,"DQL=A","Data of known Quality; meets QC limits established in a DEQ approved QAPP.",3,"Cool Water",35,"4/1","7/15",6.5,5,4,98,10.3,0
"59","OREGONDEQ","12265-ORDEQ","Donner Und Blitzen River upstream of Page Springs Campground","River/Stream","Dry Creek-Donner und Blitzen River",4235,"OR_SR_1712000301_05_106475",2,2,5,"Malheur Lake",3,154,"Dissolved oxygen (DO)","Water","Surface Water","Dissolved","Final",NA,NA,2016-09-20,"15:11:00",NA,NA,"Actual",46889279,9,"mg/l",9,"=","mg/l",NA,NA,"DQL=A","Data of known Quality; meets QC limits established in a DEQ approved QAPP.",3,"Cool Water",35,"4/1","7/15",6.5,5,4,100,17.9,0
"60","OREGONDEQ","12265-ORDEQ","Donner Und Blitzen River upstream of Page Springs Campground","River/Stream","Dry Creek-Donner und Blitzen River",4235,"OR_SR_1712000301_05_106475",2,2,5,"Malheur Lake",3,154,"Dissolved oxygen (DO)","Water","Surface Water","Dissolved","Final",NA,NA,2015-05-19,"14:37:00",NA,NA,"Actual",45350981,9.4,"mg/l",9.4,"=","mg/l",NA,NA,"DQL=A","Data of known Quality; meets QC limits established in a DEQ approved QAPP.",3,"Cool Water",35,"4/1","7/15",6.5,5,4,100,10.8,0
"61","OREGONDEQ","33929-ORDEQ","Silvies River at West Loop Road","River/Stream","Fenwick Canyon-Silvies River",4166,"OR_SR_1712000207_05_106473",2,2,5,"Malheur Lake",3,154,"Dissolved oxygen (DO)","Water","Surface Water","Dissolved","Final",NA,NA,2015-09-20,"15:03:00",NA,NA,"Actual",45684250,7.9,"mg/l",7.9,"=","mg/l",NA,NA,"DQL=A","Data of known Quality; meets QC limits established in a DEQ approved QAPP.",3,"Cool Water",35,"4/1","7/15",6.5,5,4,93,15.7,1
"62","OREGONDEQ","12265-ORDEQ","Donner Und Blitzen River upstream of Page Springs Campground","River/Stream","Dry Creek-Donner und Blitzen River",4235,"OR_SR_1712000301_05_106475",2,2,5,"Malheur Lake",3,154,"Dissolved oxygen (DO)","Water","Surface Water","Dissolved","Final",NA,NA,2013-03-26,"10:30:00",NA,NA,"Actual",45350211,10.8,"mg/l",10.8,"=","mg/l",NA,NA,"DQL=A","Data of known Quality; meets QC limits established in a DEQ approved QAPP.",3,"Cool Water",35,"4/1","7/15",6.5,5,4,100,7.5,0
"63","OREGONDEQ","13014-ORDEQ","South Fork Blitzen River at Blitzen Crossing","River/Stream","Mud Creek-Donner und Blitzen River",5067,"OR_SR_1712000301_05_106475",2,2,5,"Malheur Lake",3,154,"Dissolved oxygen (DO)","Water","Surface Water","Dissolved","Final",NA,NA,2013-07-23,"06:55:00",NA,NA,"Actual",44851869,8.6,"mg/l",8.6,"=","mg/l",NA,NA,"DQL=A","Data of known Quality; meets QC limits established in a DEQ approved QAPP.",3,"Cool Water",35,"4/1","7/15",6.5,5,4,99,13.1,0
"64","OREGONDEQ","33929-ORDEQ","Silvies River at West Loop Road","River/Stream","Fenwick Canyon-Silvies River",4166,"OR_SR_1712000207_05_106473",2,2,5,"Malheur Lake",3,154,"Dissolved oxygen (DO)","Water","Surface Water","Dissolved","Final",NA,NA,2014-10-27,"16:06:00",NA,NA,"Actual",45683989,10.2,"mg/l",10.2,"=","mg/l",NA,NA,"DQL=A","Data of known Quality; meets QC limits established in a DEQ approved QAPP.",3,"Cool Water",35,"4/1","7/15",6.5,5,4,100,9.1,0
"65","OREGONDEQ","12265-ORDEQ","Donner Und Blitzen River upstream of Page Springs Campground","River/Stream","Dry Creek-Donner und Blitzen River",4235,"OR_SR_1712000301_05_106475",2,2,5,"Malheur Lake",3,154,"Dissolved oxygen (DO)","Water","Surface Water",NA,"Final",NA,NA,2008-10-02,"08:15:00",NA,NA,"Actual",45336833,8.8,"mg/l",8.8,"=","mg/l","Failed. Quality control criteria exceeded during analysis.","NULL","DQL=B","Data of known but lesser quality; Data may not meet established QC but is within marginal acceptance criteria; or data value may be accurate, however controls used to measure Data Quality Objective (DQO) elements failed (e.g., batch failed to meet blank QC limit);",3,"Cool Water",35,"4/1","7/15",6.5,5,4,83,12.8,1
"66","OREGONDEQ","12264-ORDEQ","Whitehorse Creek at Whitehorse Ranch Road","River/Stream","Lower Whitehorse Creek",4376,"OR_WS_171200090405_05_106887",2,2,5,"Malheur Lake",3,154,"Dissolved oxygen (DO)","Water","Surface Water","Dissolved","Final",NA,NA,2014-05-06,"13:21:00",NA,NA,"Actual",45349884,9.2,"mg/l",9.2,"=","mg/l",NA,NA,"DQL=A","Data of known Quality; meets QC limits established in a DEQ approved QAPP.",3,"Cool Water",35,"4/1","7/15",6.5,5,4,100,13.4,0
"67","OREGONDEQ","12265-ORDEQ","Donner Und Blitzen River upstream of Page Springs Campground","River/Stream","Dry Creek-Donner und Blitzen River",4235,"OR_SR_1712000301_05_106475",2,2,5,"Malheur Lake",3,154,"Dissolved oxygen (DO)","Water","Surface Water","Dissolved","Final",NA,NA,2015-03-25,"06:59:00",NA,NA,"Actual",45350963,10.9,"mg/l",10.9,"=","mg/l",NA,NA,"DQL=A","Data of known Quality; meets QC limits established in a DEQ approved QAPP.",3,"Cool Water",35,"4/1","7/15",6.5,5,4,97,4.4,0
"68","OREGONDEQ","12264-ORDEQ","Whitehorse Creek at Whitehorse Ranch Road","River/Stream","Lower Whitehorse Creek",4376,"OR_WS_171200090405_05_106887",2,2,5,"Malheur Lake",3,154,"Dissolved oxygen (DO)","Water","Surface Water","Dissolved","Final",NA,NA,2016-07-26,"08:27:00",NA,NA,"Actual",46888974,7.7,"mg/l",7.7,"=","mg/l",NA,NA,"DQL=A","Data of known Quality; meets QC limits established in a DEQ approved QAPP.",3,"Cool Water",35,"4/1","7/15",6.5,5,4,97,19.5,0
"69","OREGONDEQ","12265-ORDEQ","Donner Und Blitzen River upstream of Page Springs Campground","River/Stream","Dry Creek-Donner und Blitzen River",4235,"OR_SR_1712000301_05_106475",2,2,5,"Malheur Lake",3,154,"Dissolved oxygen (DO)","Water","Surface Water","Dissolved","Final",NA,NA,2013-09-23,"08:45:00",NA,NA,"Actual",45350772,9.2,"mg/l",9.2,"=","mg/l",NA,NA,"DQL=A","Data of known Quality; meets QC limits established in a DEQ approved QAPP.",3,"Cool Water",35,"4/1","7/15",6.5,5,4,98,10.9,0
"70","OREGONDEQ","12265-ORDEQ","Donner Und Blitzen River upstream of Page Springs Campground","River/Stream","Dry Creek-Donner und Blitzen River",4235,"OR_SR_1712000301_05_106475",2,2,5,"Malheur Lake",3,154,"Dissolved oxygen (DO)","Water","Surface Water","Dissolved","Final",NA,NA,2017-11-01,"07:03:00",NA,NA,"Actual",46889387,10.7,"mg/l",10.7,"=","mg/l",NA,NA,"DQL=A","Data of known Quality; meets QC limits established in a DEQ approved QAPP.",3,"Cool Water",35,"4/1","7/15",6.5,5,4,96,4.4,0
"71","OREGONDEQ","13014-ORDEQ","South Fork Blitzen River at Blitzen Crossing","River/Stream","Mud Creek-Donner und Blitzen River",5067,"OR_SR_1712000301_05_106475",2,2,5,"Malheur Lake",3,154,"Dissolved oxygen (DO)","Water","Surface Water",NA,"Final",NA,NA,2012-09-18,"12:46:00",NA,NA,"Actual",47284663,9.1,"mg/l",9.1,"=","mg/l",NA,"NULL","DQL=A","Data of known Quality; meets QC limits established in a DEQ approved QAPP.",3,"Cool Water",35,"4/1","7/15",6.5,5,4,97,12.8,0
"72","OREGONDEQ","13014-ORDEQ","South Fork Blitzen River at Blitzen Crossing","River/Stream","Mud Creek-Donner und Blitzen River",5067,"OR_SR_1712000301_05_106475",2,2,5,"Malheur Lake",3,154,"Dissolved oxygen (DO)","Water","Surface Water","Dissolved","Final",NA,NA,2016-09-20,"11:23:00",NA,NA,"Actual",46893562,9,"mg/l",9,"=","mg/l",NA,NA,"DQL=A","Data of known Quality; meets QC limits established in a DEQ approved QAPP.",3,"Cool Water",35,"4/1","7/15",6.5,5,4,100,14.2,0
"73","OREGONDEQ","12264-ORDEQ","Whitehorse Creek at Whitehorse Ranch Road","River/Stream","Lower Whitehorse Creek",4376,"OR_WS_171200090405_05_106887",2,2,5,"Malheur Lake",3,154,"Dissolved oxygen (DO)","Water","Surface Water","Dissolved","Final",NA,NA,2013-09-23,"12:25:00",NA,NA,"Actual",45349823,9,"mg/l",9,"=","mg/l",NA,NA,"DQL=A","Data of known Quality; meets QC limits established in a DEQ approved QAPP.",3,"Cool Water",35,"4/1","7/15",6.5,5,4,100,15.3,0
"74","OREGONDEQ","12264-ORDEQ","Whitehorse Creek at Whitehorse Ranch Road","River/Stream","Lower Whitehorse Creek",4376,"OR_WS_171200090405_05_106887",2,2,5,"Malheur Lake",3,154,"Dissolved oxygen (DO)","Water","Surface Water","Dissolved","Final",NA,NA,2013-09-23,"12:25:00",NA,NA,"Actual",45349823,9,"mg/l",9,"=","mg/l",NA,NA,"DQL=A","Data of known Quality; meets QC limits established in a DEQ approved QAPP.",3,"Cool Water",35,"4/1","7/15",6.5,5,4,100,15.3,0
"75","OREGONDEQ","12264-ORDEQ","Whitehorse Creek at Whitehorse Ranch Road","River/Stream","Lower Whitehorse Creek",4376,"OR_WS_171200090405_05_106887",2,2,5,"Malheur Lake",3,154,"Dissolved oxygen (DO)","Water","Surface Water","Dissolved","Final",NA,NA,2013-09-23,"12:25:00",NA,NA,"Actual",45349823,9,"mg/l",9,"=","mg/l",NA,NA,"DQL=A","Data of known Quality; meets QC limits established in a DEQ approved QAPP.",3,"Cool Water",35,"4/1","7/15",6.5,5,4,100,15.3,0
"76","OREGONDEQ","12264-ORDEQ","Whitehorse Creek at Whitehorse Ranch Road","River/Stream","Lower Whitehorse Creek",4376,"OR_WS_171200090405_05_106887",2,2,5,"Malheur Lake",3,154,"Dissolved oxygen (DO)","Water","Surface Water","Dissolved","Final",NA,NA,2013-09-23,"12:25:00",NA,NA,"Actual",45349823,9,"mg/l",9,"=","mg/l",NA,NA,"DQL=A","Data of known Quality; meets QC limits established in a DEQ approved QAPP.",3,"Cool Water",35,"4/1","7/15",6.5,5,4,100,15.3,0
"77","OREGONDEQ","33929-ORDEQ","Silvies River at West Loop Road","River/Stream","Fenwick Canyon-Silvies River",4166,"OR_SR_1712000207_05_106473",2,2,5,"Malheur Lake",3,154,"Dissolved oxygen (DO)","Water","Surface Water","Dissolved","Final",NA,NA,2016-07-24,"15:19:00",NA,NA,"Actual",47015329,7.3,"mg/l",7.3,"=","mg/l",NA,NA,"DQL=A","Data of known Quality; meets QC limits established in a DEQ approved QAPP.",3,"Cool Water",35,"4/1","7/15",6.5,5,4,99,22.8,0
"78","OREGONDEQ","33929-ORDEQ","Silvies River at West Loop Road","River/Stream","Fenwick Canyon-Silvies River",4166,"OR_SR_1712000207_05_106473",2,2,5,"Malheur Lake",3,154,"Dissolved oxygen (DO)","Water","Surface Water","Dissolved","Final",NA,NA,2014-03-24,"15:23:00",NA,NA,"Actual",45683808,10.4,"mg/l",10.4,"=","mg/l",NA,NA,"DQL=A","Data of known Quality; meets QC limits established in a DEQ approved QAPP.",3,"Cool Water",35,"4/1","7/15",6.5,5,4,100,8.3,0
"79","OREGONDEQ","12265-ORDEQ","Donner Und Blitzen River upstream of Page Springs Campground","River/Stream","Dry Creek-Donner und Blitzen River",4235,"OR_SR_1712000301_05_106475",2,2,5,"Malheur Lake",3,154,"Dissolved oxygen (DO)","Water","Surface Water","Dissolved","Final",NA,NA,2014-10-28,"15:23:00",NA,NA,"Actual",45350895,10.9,"mg/l",10.9,"=","mg/l",NA,NA,"DQL=A","Data of known Quality; meets QC limits established in a DEQ approved QAPP.",3,"Cool Water",35,"4/1","7/15",6.5,5,4,100,11.1,0
"80","OREGONDEQ","13014-ORDEQ","South Fork Blitzen River at Blitzen Crossing","River/Stream","Mud Creek-Donner und Blitzen River",5067,"OR_SR_1712000301_05_106475",2,2,5,"Malheur Lake",3,154,"Dissolved oxygen (DO)","Water","Surface Water","Dissolved","Final",NA,NA,2018-05-15,"14:37:00",NA,NA,"Actual",46893665,9.4,"mg/l",9.4,"=","mg/l",NA,NA,"DQL=A","Data of known Quality; meets QC limits established in a DEQ approved QAPP.",3,"Cool Water",35,"4/1","7/15",6.5,5,4,100,11.7,0
"81","OREGONDEQ","12264-ORDEQ","Whitehorse Creek at Whitehorse Ranch Road","River/Stream","Lower Whitehorse Creek",4376,"OR_WS_171200090405_05_106887",2,2,5,"Malheur Lake",3,154,"Dissolved oxygen (DO)","Water","Surface Water","Dissolved","Final",NA,NA,2015-09-22,"08:31:00",NA,NA,"Actual",45350113,8.8,"mg/l",8.8,"=","mg/l",NA,NA,"DQL=A","Data of known Quality; meets QC limits established in a DEQ approved QAPP.",3,"Cool Water",35,"4/1","7/15",6.5,5,4,99,13.4,0
"82","OREGONDEQ","12265-ORDEQ","Donner Und Blitzen River upstream of Page Springs Campground","River/Stream","Dry Creek-Donner und Blitzen River",4235,"OR_SR_1712000301_05_106475",2,2,5,"Malheur Lake",3,154,"Dissolved oxygen (DO)","Water","Surface Water","Dissolved","Final",NA,NA,2013-07-23,"07:45:00",NA,NA,"Actual",45350243,8.5,"mg/l",8.5,"=","mg/l",NA,NA,"DQL=A","Data of known Quality; meets QC limits established in a DEQ approved QAPP.",3,"Cool Water",35,"4/1","7/15",6.5,5,4,100,15.9,0
"83","OREGONDEQ","13014-ORDEQ","South Fork Blitzen River at Blitzen Crossing","River/Stream","Mud Creek-Donner und Blitzen River",5067,"OR_SR_1712000301_05_106475",2,2,5,"Malheur Lake",3,154,"Dissolved oxygen (DO)","Water","Surface Water",NA,"Final",NA,NA,2012-10-30,"10:29:00",NA,NA,"Actual",47287047,10.3,"mg/l",10.3,"=","mg/l",NA,"NULL","DQL=A","Data of known Quality; meets QC limits established in a DEQ approved QAPP.",3,"Cool Water",35,"4/1","7/15",6.5,5,4,100,6.8,0
"84","OREGONDEQ","12265-ORDEQ","Donner Und Blitzen River upstream of Page Springs Campground","River/Stream","Dry Creek-Donner und Blitzen River",4235,"OR_SR_1712000301_05_106475",2,2,5,"Malheur Lake",3,154,"Dissolved oxygen (DO)","Water","Surface Water","Dissolved","Final",NA,NA,2014-05-07,"06:40:00",NA,NA,"Actual",45350816,10.5,"mg/l",10.5,"=","mg/l",NA,NA,"DQL=A","Data of known Quality; meets QC limits established in a DEQ approved QAPP.",3,"Cool Water",35,"4/1","7/15",6.5,5,4,98,5.4,0
"85","OREGONDEQ","12264-ORDEQ","Whitehorse Creek at Whitehorse Ranch Road","River/Stream","Lower Whitehorse Creek",4376,"OR_WS_171200090405_05_106887",2,2,5,"Malheur Lake",3,154,"Dissolved oxygen (DO)","Water","Surface Water","Dissolved","Final",NA,NA,2013-07-22,"13:00:00",NA,NA,"Actual",45349311,7.4,"mg/l",7.4,"=","mg/l",NA,NA,"DQL=A","Data of known Quality; meets QC limits established in a DEQ approved QAPP.",3,"Cool Water",35,"4/1","7/15",6.5,5,4,100,24.6,0
"86","OREGONDEQ","12265-ORDEQ","Donner Und Blitzen River upstream of Page Springs Campground","River/Stream","Dry Creek-Donner und Blitzen River",4235,"OR_SR_1712000301_05_106475",2,2,5,"Malheur Lake",3,154,"Dissolved oxygen (DO)","Water","Surface Water",NA,"Final",NA,NA,2012-10-30,"11:48:00",NA,NA,"Actual",47287065,12.5,"mg/l",12.5,"=","mg/l",NA,"NULL","DQL=A","Data of known Quality; meets QC limits established in a DEQ approved QAPP.",3,"Cool Water",35,"4/1","7/15",6.5,5,4,100,8.9,0
"87","OREGONDEQ","12265-ORDEQ","Donner Und Blitzen River upstream of Page Springs Campground","River/Stream","Dry Creek-Donner und Blitzen River",4235,"OR_SR_1712000301_05_106475",2,2,5,"Malheur Lake",3,154,"Dissolved oxygen (DO)","Water","Surface Water","Dissolved","Final",NA,NA,2015-09-22,"14:51:00",NA,NA,"Actual",45351056,9.6,"mg/l",9.6,"=","mg/l",NA,NA,"DQL=A","Data of known Quality; meets QC limits established in a DEQ approved QAPP.",3,"Cool Water",35,"4/1","7/15",6.5,5,4,100,19.7,0
"88","OREGONDEQ","12265-ORDEQ","Donner Und Blitzen River upstream of Page Springs Campground","River/Stream","Dry Creek-Donner und Blitzen River",4235,"OR_SR_1712000301_05_106475",2,2,5,"Malheur Lake",3,154,"Dissolved oxygen (DO)","Water","Surface Water","Dissolved","Final",NA,NA,2014-09-24,"06:21:00",NA,NA,"Actual",45350847,8.5,"mg/l",8.5,"=","mg/l",NA,NA,"DQL=A","Data of known Quality; meets QC limits established in a DEQ approved QAPP.",3,"Cool Water",35,"4/1","7/15",6.5,5,4,94,12.9,1
"89","OREGONDEQ","12265-ORDEQ","Donner Und Blitzen River upstream of Page Springs Campground","River/Stream","Dry Creek-Donner und Blitzen River",4235,"OR_SR_1712000301_05_106475",2,2,5,"Malheur Lake",3,154,"Dissolved oxygen (DO)","Water","Surface Water","Dissolved","Final",NA,NA,2014-01-29,"07:17:00",NA,NA,"Actual",45350786,10.9,"mg/l",10.9,"=","mg/l",NA,NA,"DQL=A","Data of known Quality; meets QC limits established in a DEQ approved QAPP.",3,"Cool Water",35,"4/1","7/15",6.5,5,4,100,5,0
"90","OREGONDEQ","33929-ORDEQ","Silvies River at West Loop Road","River/Stream","Fenwick Canyon-Silvies River",4166,"OR_SR_1712000207_05_106473",2,2,5,"Malheur Lake",3,154,"Dissolved oxygen (DO)","Water","Surface Water","Dissolved","Final",NA,NA,2015-03-23,"13:47:00",NA,NA,"Actual",45684078,10,"mg/l",10,"=","mg/l",NA,NA,"DQL=A","Data of known Quality; meets QC limits established in a DEQ approved QAPP.",3,"Cool Water",35,"4/1","7/15",6.5,5,4,100,8.9,0
"91","OREGONDEQ","12264-ORDEQ","Whitehorse Creek at Whitehorse Ranch Road","River/Stream","Lower Whitehorse Creek",4376,"OR_WS_171200090405_05_106887",2,2,5,"Malheur Lake",3,154,"Dissolved oxygen (DO)","Water","Surface Water",NA,"Final",NA,NA,2012-03-21,"10:40:00",NA,NA,"Actual",47275205,10.8,"mg/l",10.8,"=","mg/l",NA,"NULL","DQL=A","Data of known Quality; meets QC limits established in a DEQ approved QAPP.",3,"Cool Water",35,"4/1","7/15",6.5,5,4,100,6.4,0
"92","OREGONDEQ","12264-ORDEQ","Whitehorse Creek at Whitehorse Ranch Road","River/Stream","Lower Whitehorse Creek",4376,"OR_WS_171200090405_05_106887",2,2,5,"Malheur Lake",3,154,"Dissolved oxygen (DO)","Water","Surface Water","Dissolved","Final",NA,NA,2018-03-27,"12:59:00",NA,NA,"Actual",46889151,10.8,"mg/l",10.8,"=","mg/l",NA,NA,"DQL=A","Data of known Quality; meets QC limits established in a DEQ approved QAPP.",3,"Cool Water",35,"4/1","7/15",6.5,5,4,100,7,0
"93","OREGONDEQ","33929-ORDEQ","Silvies River at West Loop Road","River/Stream","Fenwick Canyon-Silvies River",4166,"OR_SR_1712000207_05_106473",2,2,5,"Malheur Lake",3,154,"Dissolved oxygen (DO)","Water","Surface Water",NA,"Final",NA,NA,2012-04-30,"13:05:00",NA,NA,"Actual",47277225,8.7,"mg/l",8.7,"=","mg/l",NA,"NULL","DQL=A","Data of known Quality; meets QC limits established in a DEQ approved QAPP.",3,"Cool Water",35,"4/1","7/15",6.5,5,4,89,12.6,1
"94","OREGONDEQ","33929-ORDEQ","Silvies River at West Loop Road","River/Stream","Fenwick Canyon-Silvies River",4166,"OR_SR_1712000207_05_106473",2,2,5,"Malheur Lake",3,154,"Dissolved oxygen (DO)","Water","Surface Water",NA,"Final",NA,NA,2012-03-20,"13:20:00",NA,NA,"Actual",47275152,11.3,"mg/l",11.3,"=","mg/l",NA,"NULL","DQL=A","Data of known Quality; meets QC limits established in a DEQ approved QAPP.",3,"Cool Water",35,"4/1","7/15",6.5,5,4,98,3.1,0
"95","OREGONDEQ","12265-ORDEQ","Donner Und Blitzen River upstream of Page Springs Campground","River/Stream","Dry Creek-Donner und Blitzen River",4235,"OR_SR_1712000301_05_106475",2,2,5,"Malheur Lake",3,154,"Dissolved oxygen (DO)","Water","Surface Water","Dissolved","Final",NA,NA,2018-01-24,"09:51:00",NA,NA,"Actual",46889404,12.2,"mg/l",12.2,"=","mg/l",NA,NA,"DQL=A","Data of known Quality; meets QC limits established in a DEQ approved QAPP.",3,"Cool Water",35,"4/1","7/15",6.5,5,4,100,3.2,0
"96","OREGONDEQ","33929-ORDEQ","Silvies River at West Loop Road","River/Stream","Fenwick Canyon-Silvies River",4166,"OR_SR_1712000207_05_106473",2,2,5,"Malheur Lake",3,154,"Dissolved oxygen (DO)","Water","Surface Water","Dissolved","Final",NA,NA,2014-05-05,"15:41:00",NA,NA,"Actual",45683844,8.8,"mg/l",8.8,"=","mg/l",NA,NA,"DQL=A","Data of known Quality; meets QC limits established in a DEQ approved QAPP.",3,"Cool Water",35,"4/1","7/15",6.5,5,4,100,14.3,0
"97","OREGONDEQ","12264-ORDEQ","Whitehorse Creek at Whitehorse Ranch Road","River/Stream","Lower Whitehorse Creek",4376,"OR_WS_171200090405_05_106887",2,2,5,"Malheur Lake",3,154,"Dissolved oxygen (DO)","Water","Surface Water","Dissolved","Final",NA,NA,2015-10-27,"09:09:00",NA,NA,"Actual",45350163,10.4,"mg/l",10.4,"=","mg/l",NA,NA,"DQL=A","Data of known Quality; meets QC limits established in a DEQ approved QAPP.",3,"Cool Water",35,"4/1","7/15",6.5,5,4,97,5.8,0
"98","OREGONDEQ","12265-ORDEQ","Donner Und Blitzen River upstream of Page Springs Campground","River/Stream","Dry Creek-Donner und Blitzen River",4235,"OR_SR_1712000301_05_106475",2,2,5,"Malheur Lake",3,154,"Dissolved oxygen (DO)","Water","Surface Water","Dissolved","Final",NA,NA,2017-05-17,"07:29:00",NA,NA,"Actual",46889332,11.2,"mg/l",11.2,"=","mg/l",NA,NA,"DQL=A","Data of known Quality; meets QC limits established in a DEQ approved QAPP.",3,"Cool Water",35,"4/1","7/15",6.5,5,4,99,3.9,0
"99","OREGONDEQ","12264-ORDEQ","Whitehorse Creek at Whitehorse Ranch Road","River/Stream","Lower Whitehorse Creek",4376,"OR_WS_171200090405_05_106887",2,2,5,"Malheur Lake",3,154,"Dissolved oxygen (DO)","Water","Surface Water","Dissolved","Final",NA,NA,2017-10-31,"13:23:00",NA,NA,"Actual",46889118,10.4,"mg/l",10.4,"=","mg/l",NA,NA,"DQL=A","Data of known Quality; meets QC limits established in a DEQ approved QAPP.",3,"Cool Water",35,"4/1","7/15",6.5,5,4,100,7.9,0
"100","OREGONDEQ","12265-ORDEQ","Donner Und Blitzen River upstream of Page Springs Campground","River/Stream","Dry Creek-Donner und Blitzen River",4235,"OR_SR_1712000301_05_106475",2,2,5,"Malheur Lake",3,154,"Dissolved oxygen (DO)","Water","Surface Water","Dissolved","Final",NA,NA,2017-07-26,"06:41:00",NA,NA,"Actual",46889351,8,"mg/l",8,"=","mg/l",NA,NA,"DQL=A","Data of known Quality; meets QC limits established in a DEQ approved QAPP.",3,"Cool Water",35,"4/1","7/15",6.5,5,4,94,16.4,1
"101","OREGONDEQ","12264-ORDEQ","Whitehorse Creek at Whitehorse Ranch Road","River/Stream","Lower Whitehorse Creek",4376,"OR_WS_171200090405_05_106887",2,2,5,"Malheur Lake",3,154,"Dissolved oxygen (DO)","Water","Surface Water","Dissolved","Final",NA,NA,2018-05-15,"12:59:00",NA,NA,"Actual",46889171,8.8,"mg/l",8.8,"=","mg/l",NA,NA,"DQL=A","Data of known Quality; meets QC limits established in a DEQ approved QAPP.",3,"Cool Water",35,"4/1","7/15",6.5,5,4,100,16.4,0
"102","OREGONDEQ","12265-ORDEQ","Donner Und Blitzen River upstream of Page Springs Campground","River/Stream","Dry Creek-Donner und Blitzen River",4235,"OR_SR_1712000301_05_106475",2,2,5,"Malheur Lake",3,154,"Dissolved oxygen (DO)","Water","Surface Water","Dissolved","Final",NA,NA,2014-07-30,"06:41:00",NA,NA,"Actual",45350832,8,"mg/l",8,"=","mg/l",NA,NA,"DQL=A","Data of known Quality; meets QC limits established in a DEQ approved QAPP.",3,"Cool Water",35,"4/1","7/15",6.5,5,4,94,16.3,1
"103","OREGONDEQ","13014-ORDEQ","South Fork Blitzen River at Blitzen Crossing","River/Stream","Mud Creek-Donner und Blitzen River",5067,"OR_SR_1712000301_05_106475",2,2,5,"Malheur Lake",3,154,"Dissolved oxygen (DO)","Water","Surface Water","Dissolved","Final",NA,NA,2017-07-25,"16:27:00",NA,NA,"Actual",46893610,7.9,"mg/l",7.9,"=","mg/l",NA,NA,"DQL=A","Data of known Quality; meets QC limits established in a DEQ approved QAPP.",3,"Cool Water",35,"4/1","7/15",6.5,5,4,100,18.4,0
"104","OREGONDEQ","33929-ORDEQ","Silvies River at West Loop Road","River/Stream","Fenwick Canyon-Silvies River",4166,"OR_SR_1712000207_05_106473",2,2,5,"Malheur Lake",3,154,"Dissolved oxygen (DO)","Water","Surface Water",NA,"Final",NA,NA,2008-09-29,"14:20:00",NA,NA,"Actual",45336928,12.5,"mg/l",12.5,"=","mg/l","Failed. Quality control criteria exceeded during analysis.","NULL","DQL=B","Data of known but lesser quality; Data may not meet established QC but is within marginal acceptance criteria; or data value may be accurate, however controls used to measure Data Quality Objective (DQO) elements failed (e.g., batch failed to meet blank QC limit);",3,"Cool Water",35,"4/1","7/15",6.5,5,4,100,14.2,0
"105","OREGONDEQ","12265-ORDEQ","Donner Und Blitzen River upstream of Page Springs Campground","River/Stream","Dry Creek-Donner und Blitzen River",4235,"OR_SR_1712000301_05_106475",2,2,5,"Malheur Lake",3,154,"Dissolved oxygen (DO)","Water","Surface Water","Dissolved","Final",NA,NA,2017-09-20,"06:39:00",NA,NA,"Actual",46889370,9.6,"mg/l",9.6,"=","mg/l",NA,NA,"DQL=A","Data of known Quality; meets QC limits established in a DEQ approved QAPP.",3,"Cool Water",35,"4/1","7/15",6.5,5,4,97,9,0
"106","OREGONDEQ","12265-ORDEQ","Donner Und Blitzen River upstream of Page Springs Campground","River/Stream","Dry Creek-Donner und Blitzen River",4235,"OR_SR_1712000301_05_106475",2,2,5,"Malheur Lake",3,154,"Dissolved oxygen (DO)","Water","Surface Water","Dissolved","Final",NA,NA,2018-05-16,"06:51:00",NA,NA,"Actual",46889440,9.5,"mg/l",9.5,"=","mg/l",NA,NA,"DQL=A","Data of known Quality; meets QC limits established in a DEQ approved QAPP.",3,"Cool Water",35,"4/1","7/15",6.5,5,4,100,10.4,0
"107","OREGONDEQ","13014-ORDEQ","South Fork Blitzen River at Blitzen Crossing","River/Stream","Mud Creek-Donner und Blitzen River",5067,"OR_SR_1712000301_05_106475",2,2,5,"Malheur Lake",3,154,"Dissolved oxygen (DO)","Water","Surface Water","Dissolved","Final",NA,NA,2015-10-27,"12:51:00",NA,NA,"Actual",44853480,10.7,"mg/l",10.7,"=","mg/l",NA,NA,"DQL=A","Data of known Quality; meets QC limits established in a DEQ approved QAPP.",3,"Cool Water",35,"4/1","7/15",6.5,5,4,100,7,0
"108","OREGONDEQ","33929-ORDEQ","Silvies River at West Loop Road","River/Stream","Fenwick Canyon-Silvies River",4166,"OR_SR_1712000207_05_106473",2,2,5,"Malheur Lake",3,154,"Dissolved oxygen (DO)","Water","Surface Water","Dissolved","Final",NA,NA,2013-07-21,"17:30:00",NA,NA,"Actual",45683251,7.2,"mg/l",7.2,"=","mg/l",NA,NA,"DQL=A","Data of known Quality; meets QC limits established in a DEQ approved QAPP.",3,"Cool Water",35,"4/1","7/15",6.5,5,4,100,24.2,0
"109","OREGONDEQ","12265-ORDEQ","Donner Und Blitzen River upstream of Page Springs Campground","River/Stream","Dry Creek-Donner und Blitzen River",4235,"OR_SR_1712000301_05_106475",2,2,5,"Malheur Lake",3,154,"Dissolved oxygen (DO)","Water","Surface Water","Dissolved","Final",NA,NA,2013-09-24,"08:45:00",NA,NA,"Actual",45350755,9.2,"mg/l",9.2,"=","mg/l",NA,NA,"DQL=A","Data of known Quality; meets QC limits established in a DEQ approved QAPP.",3,"Cool Water",35,"4/1","7/15",6.5,5,4,98,10.9,0
"110","OREGONDEQ","33929-ORDEQ","Silvies River at West Loop Road","River/Stream","Fenwick Canyon-Silvies River",4166,"OR_SR_1712000207_05_106473",2,2,5,"Malheur Lake",3,154,"Dissolved oxygen (DO)","Water","Surface Water","Dissolved","Final",NA,NA,2014-07-28,"14:57:00",NA,NA,"Actual",45683876,7.2,"mg/l",7.2,"=","mg/l",NA,NA,"DQL=A","Data of known Quality; meets QC limits established in a DEQ approved QAPP.",3,"Cool Water",35,"4/1","7/15",6.5,5,4,99,23.2,0
"111","OREGONDEQ","33929-ORDEQ","Silvies River at West Loop Road","River/Stream","Fenwick Canyon-Silvies River",4166,"OR_SR_1712000207_05_106473",2,2,5,"Malheur Lake",3,154,"Dissolved oxygen (DO)","Water","Surface Water","Dissolved","Final",NA,NA,2014-09-22,"15:41:00",NA,NA,"Actual",45683892,8.4,"mg/l",8.4,"=","mg/l",NA,NA,"DQL=A","Data of known Quality; meets QC limits established in a DEQ approved QAPP.",3,"Cool Water",35,"4/1","7/15",6.5,5,4,100,20,0
"112","OREGONDEQ","12265-ORDEQ","Donner Und Blitzen River upstream of Page Springs Campground","River/Stream","Dry Creek-Donner und Blitzen River",4235,"OR_SR_1712000301_05_106475",2,2,5,"Malheur Lake",3,154,"Dissolved oxygen (DO)","Water","Surface Water",NA,"Final",NA,NA,2012-09-18,"14:05:00",NA,NA,"Actual",47284681,10.6,"mg/l",10.6,"=","mg/l",NA,"NULL","DQL=A","Data of known Quality; meets QC limits established in a DEQ approved QAPP.",3,"Cool Water",35,"4/1","7/15",6.5,5,4,100,17.1,0
"113","OREGONDEQ","12264-ORDEQ","Whitehorse Creek at Whitehorse Ranch Road","River/Stream","Lower Whitehorse Creek",4376,"OR_WS_171200090405_05_106887",2,2,5,"Malheur Lake",3,154,"Dissolved oxygen (DO)","Water","Surface Water","Dissolved","Final",NA,NA,2016-05-17,"13:23:00",NA,NA,"Actual",46888920,8.9,"mg/l",8.9,"=","mg/l",NA,NA,"DQL=A","Data of known Quality; meets QC limits established in a DEQ approved QAPP.",3,"Cool Water",35,"4/1","7/15",6.5,5,4,100,15.1,0
"114","OREGONDEQ","12264-ORDEQ","Whitehorse Creek at Whitehorse Ranch Road","River/Stream","Lower Whitehorse Creek",4376,"OR_WS_171200090405_05_106887",2,2,5,"Malheur Lake",3,154,"Dissolved oxygen (DO)","Water","Surface Water","Dissolved","Final",NA,NA,2015-07-28,"11:51:00",NA,NA,"Actual",45350094,9.2,"mg/l",9.2,"=","mg/l",NA,NA,"DQL=A","Data of known Quality; meets QC limits established in a DEQ approved QAPP.",3,"Cool Water",35,"4/1","7/15",6.5,5,4,100,15.3,0
"115","OREGONDEQ","12265-ORDEQ","Donner Und Blitzen River upstream of Page Springs Campground","River/Stream","Dry Creek-Donner und Blitzen River",4235,"OR_SR_1712000301_05_106475",2,2,5,"Malheur Lake",3,154,"Dissolved oxygen (DO)","Water","Surface Water",NA,"Final",NA,NA,2012-07-18,"09:00:00",NA,NA,"Actual",47280951,8.6,"mg/l",8.6,"=","mg/l",NA,"NULL","DQL=A","Data of known Quality; meets QC limits established in a DEQ approved QAPP.",3,"Cool Water",35,"4/1","7/15",6.5,5,4,100,15.9,0
"116","OREGONDEQ","12264-ORDEQ","Whitehorse Creek at Whitehorse Ranch Road","River/Stream","Lower Whitehorse Creek",4376,"OR_WS_171200090405_05_106887",2,2,5,"Malheur Lake",3,154,"Dissolved oxygen (DO)","Water","Surface Water",NA,"Final",NA,NA,2008-10-01,"13:20:00",NA,NA,"Actual",45336762,8.4,"mg/l",8.4,"=","mg/l","Failed. Quality control criteria exceeded during analysis.","NULL","DQL=B","Data of known but lesser quality; Data may not meet established QC but is within marginal acceptance criteria; or data value may be accurate, however controls used to measure Data Quality Objective (DQO) elements failed (e.g., batch failed to meet blank QC limit);",3,"Cool Water",35,"4/1","7/15",6.5,5,4,88,17.8,1
"117","OREGONDEQ","12264-ORDEQ","Whitehorse Creek at Whitehorse Ranch Road","River/Stream","Lower Whitehorse Creek",4376,"OR_WS_171200090405_05_106887",2,2,5,"Malheur Lake",3,154,"Dissolved oxygen (DO)","Water","Surface Water","Dissolved","Final",NA,NA,2014-07-29,"12:29:00",NA,NA,"Actual",45349900,7.6,"mg/l",7.6,"=","mg/l",NA,NA,"DQL=A","Data of known Quality; meets QC limits established in a DEQ approved QAPP.",3,"Cool Water",35,"4/1","7/15",6.5,5,4,100,21.9,0
"118","OREGONDEQ","12264-ORDEQ","Whitehorse Creek at Whitehorse Ranch Road","River/Stream","Lower Whitehorse Creek",4376,"OR_WS_171200090405_05_106887",2,2,5,"Malheur Lake",3,154,"Dissolved oxygen (DO)","Water","Surface Water","Dissolved","Final",NA,NA,2014-10-28,"13:01:00",NA,NA,"Actual",45349961,10.8,"mg/l",10.8,"=","mg/l",NA,NA,"DQL=A","Data of known Quality; meets QC limits established in a DEQ approved QAPP.",3,"Cool Water",35,"4/1","7/15",6.5,5,4,100,7.5,0
"119","OREGONDEQ","12265-ORDEQ","Donner Und Blitzen River upstream of Page Springs Campground","River/Stream","Dry Creek-Donner und Blitzen River",4235,"OR_SR_1712000301_05_106475",2,2,5,"Malheur Lake",3,154,"Dissolved oxygen (DO)","Water","Surface Water","Dissolved","Final",NA,NA,2015-01-07,"07:51:00",NA,NA,"Actual",45350911,12.4,"mg/l",12.4,"=","mg/l",NA,NA,"DQL=A","Data of known Quality; meets QC limits established in a DEQ approved QAPP.",3,"Cool Water",35,"4/1","7/15",6.5,5,4,99,0.7,0
"120","OREGONDEQ","31495-ORDEQ","Guano Creek, Hart Mountain","River/Stream","Guano Creek",5865,"OR_WS_171200080301_05_106802",2,2,5,"Malheur Lake",3,154,"Dissolved oxygen (DO)","Water","Surface Water","Dissolved","Final",NA,NA,2016-07-14,"08:40:00",NA,NA,"Actual",46960630,8.7,"mg/l",8.7,"=","mg/l",NA,NA,"DQL=A","Data of known Quality; meets QC limits established in a DEQ approved QAPP.",3,"Cool Water",35,"4/1","7/15",6.5,5,4,100,12.6,0
"121","OREGONDEQ","12264-ORDEQ","Whitehorse Creek at Whitehorse Ranch Road","River/Stream","Lower Whitehorse Creek",4376,"OR_WS_171200090405_05_106887",2,2,5,"Malheur Lake",3,154,"Dissolved oxygen (DO)","Water","Surface Water","Dissolved","Final",NA,NA,2016-11-08,"07:53:00",NA,NA,"Actual",46889010,10.7,"mg/l",10.7,"=","mg/l",NA,NA,"DQL=A","Data of known Quality; meets QC limits established in a DEQ approved QAPP.",3,"Cool Water",35,"4/1","7/15",6.5,5,4,100,5.5,0
"122","OREGONDEQ","31495-ORDEQ","Guano Creek, Hart Mountain","River/Stream","Guano Creek",5865,"OR_WS_171200080301_05_106802",2,2,5,"Malheur Lake",3,154,"Dissolved oxygen (DO)","Water","Surface Water","Dissolved","Final",NA,NA,2017-09-13,"14:30:00",NA,NA,"Actual",46960646,9.3,"mg/l",9.3,"=","mg/l",NA,NA,"DQL=A","Data of known Quality; meets QC limits established in a DEQ approved QAPP.",3,"Cool Water",35,"4/1","7/15",6.5,5,4,NA,NA,1
"123","OREGONDEQ","33929-ORDEQ","Silvies River at West Loop Road","River/Stream","Fenwick Canyon-Silvies River",4166,"OR_SR_1712000207_05_106473",2,2,5,"Malheur Lake",3,154,"Dissolved oxygen (DO)","Water","Surface Water","Dissolved","Final",NA,NA,2016-05-16,"14:51:00",NA,NA,"Actual",47015138,8.6,"mg/l",8.6,"=","mg/l",NA,NA,"DQL=A","Data of known Quality; meets QC limits established in a DEQ approved QAPP.",3,"Cool Water",35,"4/1","7/15",6.5,5,4,100,16.4,0
"124","OREGONDEQ","33929-ORDEQ","Silvies River at West Loop Road","River/Stream","Fenwick Canyon-Silvies River",4166,"OR_SR_1712000207_05_106473",2,2,5,"Malheur Lake",3,154,"Dissolved oxygen (DO)","Water","Surface Water","Dissolved","Final",NA,NA,2016-09-19,"07:27:00",NA,NA,"Actual",47015364,8.1,"mg/l",8.1,"=","mg/l",NA,NA,"DQL=A","Data of known Quality; meets QC limits established in a DEQ approved QAPP.",3,"Cool Water",35,"4/1","7/15",6.5,5,4,90,13.8,1
"125","OREGONDEQ","33929-ORDEQ","Silvies River at West Loop Road","River/Stream","Fenwick Canyon-Silvies River",4166,"OR_SR_1712000207_05_106473",2,2,5,"Malheur Lake",3,154,"Dissolved oxygen (DO)","Water","Surface Water","Dissolved","Final",NA,NA,2018-05-14,"13:57:00",NA,NA,"Actual",47015660,8.7,"mg/l",8.7,"=","mg/l",NA,NA,"DQL=A","Data of known Quality; meets QC limits established in a DEQ approved QAPP.",3,"Cool Water",35,"4/1","7/15",6.5,5,4,100,16.1,0
"126","OREGONDEQ","33929-ORDEQ","Silvies River at West Loop Road","River/Stream","Fenwick Canyon-Silvies River",4166,"OR_SR_1712000207_05_106473",2,2,5,"Malheur Lake",3,154,"Dissolved oxygen (DO)","Water","Surface Water",NA,"Final",NA,NA,2012-09-17,"09:30:00",NA,NA,"Actual",47284567,7.2,"mg/l",7.2,"=","mg/l",NA,"NULL","DQL=A","Data of known Quality; meets QC limits established in a DEQ approved QAPP.",3,"Cool Water",35,"4/1","7/15",6.5,5,4,78,15.2,1
"127","OREGONDEQ","13014-ORDEQ","South Fork Blitzen River at Blitzen Crossing","River/Stream","Mud Creek-Donner und Blitzen River",5067,"OR_SR_1712000301_05_106475",2,2,5,"Malheur Lake",3,154,"Dissolved oxygen (DO)","Water","Surface Water","Dissolved","Final",NA,NA,2016-05-17,"15:29:00",NA,NA,"Actual",46893489,8.7,"mg/l",8.7,"=","mg/l",NA,NA,"DQL=A","Data of known Quality; meets QC limits established in a DEQ approved QAPP.",3,"Cool Water",35,"4/1","7/15",6.5,5,4,100,13.5,0
"128","OREGONDEQ","33929-ORDEQ","Silvies River at West Loop Road","River/Stream","Fenwick Canyon-Silvies River",4166,"OR_SR_1712000207_05_106473",2,2,5,"Malheur Lake",3,154,"Dissolved oxygen (DO)","Water","Surface Water","Dissolved","Final",NA,NA,2016-11-06,"16:01:00",NA,NA,"Actual",47015397,10.6,"mg/l",10.6,"=","mg/l",NA,NA,"DQL=A","Data of known Quality; meets QC limits established in a DEQ approved QAPP.",3,"Cool Water",35,"4/1","7/15",6.5,5,4,100,7.3,0
"129","OREGONDEQ","33929-ORDEQ","Silvies River at West Loop Road","River/Stream","Fenwick Canyon-Silvies River",4166,"OR_SR_1712000207_05_106473",2,2,5,"Malheur Lake",3,154,"Dissolved oxygen (DO)","Water","Surface Water","Dissolved","Final",NA,NA,2013-09-24,"08:45:00",NA,NA,"Actual",45683268,6.5,"mg/l",6.5,"=","mg/l",NA,NA,"DQL=A","Data of known Quality; meets QC limits established in a DEQ approved QAPP.",3,"Cool Water",35,"4/1","7/15",6.5,5,4,73,13.2,1
"130","OREGONDEQ","33929-ORDEQ","Silvies River at West Loop Road","River/Stream","Fenwick Canyon-Silvies River",4166,"OR_SR_1712000207_05_106473",2,2,5,"Malheur Lake",3,154,"Dissolved oxygen (DO)","Water","Surface Water","Dissolved","Final",NA,NA,2013-09-24,"08:45:00",NA,NA,"Actual",45683268,6.5,"mg/l",6.5,"=","mg/l",NA,NA,"DQL=A","Data of known Quality; meets QC limits established in a DEQ approved QAPP.",3,"Cool Water",35,"4/1","7/15",6.5,5,4,73,13.2,1
"131","OREGONDEQ","33929-ORDEQ","Silvies River at West Loop Road","River/Stream","Fenwick Canyon-Silvies River",4166,"OR_SR_1712000207_05_106473",2,2,5,"Malheur Lake",3,154,"Dissolved oxygen (DO)","Water","Surface Water","Dissolved","Final",NA,NA,2013-09-24,"08:45:00",NA,NA,"Actual",45683268,6.5,"mg/l",6.5,"=","mg/l",NA,NA,"DQL=A","Data of known Quality; meets QC limits established in a DEQ approved QAPP.",3,"Cool Water",35,"4/1","7/15",6.5,5,4,73,13.2,1
"132","OREGONDEQ","33929-ORDEQ","Silvies River at West Loop Road","River/Stream","Fenwick Canyon-Silvies River",4166,"OR_SR_1712000207_05_106473",2,2,5,"Malheur Lake",3,154,"Dissolved oxygen (DO)","Water","Surface Water","Dissolved","Final",NA,NA,2013-09-24,"08:45:00",NA,NA,"Actual",45683268,6.5,"mg/l",6.5,"=","mg/l",NA,NA,"DQL=A","Data of known Quality; meets QC limits established in a DEQ approved QAPP.",3,"Cool Water",35,"4/1","7/15",6.5,5,4,73,13.2,1
"133","OREGONDEQ","33929-ORDEQ","Silvies River at West Loop Road","River/Stream","Fenwick Canyon-Silvies River",4166,"OR_SR_1712000207_05_106473",2,2,5,"Malheur Lake",3,154,"Dissolved oxygen (DO)","Water","Surface Water","Dissolved","Final",NA,NA,2013-09-24,"08:45:00",NA,NA,"Actual",45683777,6.5,"mg/l",6.5,"=","mg/l",NA,NA,"DQL=A","Data of known Quality; meets QC limits established in a DEQ approved QAPP.",3,"Cool Water",35,"4/1","7/15",6.5,5,4,73,13.2,1
"134","OREGONDEQ","33929-ORDEQ","Silvies River at West Loop Road","River/Stream","Fenwick Canyon-Silvies River",4166,"OR_SR_1712000207_05_106473",2,2,5,"Malheur Lake",3,154,"Dissolved oxygen (DO)","Water","Surface Water","Dissolved","Final",NA,NA,2013-09-24,"08:45:00",NA,NA,"Actual",45683777,6.5,"mg/l",6.5,"=","mg/l",NA,NA,"DQL=A","Data of known Quality; meets QC limits established in a DEQ approved QAPP.",3,"Cool Water",35,"4/1","7/15",6.5,5,4,73,13.2,1
"135","OREGONDEQ","33929-ORDEQ","Silvies River at West Loop Road","River/Stream","Fenwick Canyon-Silvies River",4166,"OR_SR_1712000207_05_106473",2,2,5,"Malheur Lake",3,154,"Dissolved oxygen (DO)","Water","Surface Water","Dissolved","Final",NA,NA,2013-09-24,"08:45:00",NA,NA,"Actual",45683777,6.5,"mg/l",6.5,"=","mg/l",NA,NA,"DQL=A","Data of known Quality; meets QC limits established in a DEQ approved QAPP.",3,"Cool Water",35,"4/1","7/15",6.5,5,4,73,13.2,1
"136","OREGONDEQ","33929-ORDEQ","Silvies River at West Loop Road","River/Stream","Fenwick Canyon-Silvies River",4166,"OR_SR_1712000207_05_106473",2,2,5,"Malheur Lake",3,154,"Dissolved oxygen (DO)","Water","Surface Water","Dissolved","Final",NA,NA,2013-09-24,"08:45:00",NA,NA,"Actual",45683777,6.5,"mg/l",6.5,"=","mg/l",NA,NA,"DQL=A","Data of known Quality; meets QC limits established in a DEQ approved QAPP.",3,"Cool Water",35,"4/1","7/15",6.5,5,4,73,13.2,1
"137","OREGONDEQ","13014-ORDEQ","South Fork Blitzen River at Blitzen Crossing","River/Stream","Mud Creek-Donner und Blitzen River",5067,"OR_SR_1712000301_05_106475",2,2,5,"Malheur Lake",3,154,"Dissolved oxygen (DO)","Water","Surface Water",NA,"Final",NA,NA,2008-10-01,"16:25:00",NA,NA,"Actual",45336803,8.5,"mg/l",8.5,"=","mg/l","Failed. Quality control criteria exceeded during analysis.","NULL","DQL=B","Data of known but lesser quality; Data may not meet established QC but is within marginal acceptance criteria; or data value may be accurate, however controls used to measure Data Quality Objective (DQO) elements failed (e.g., batch failed to meet blank QC limit);",3,"Cool Water",35,"4/1","7/15",6.5,5,4,82,14.2,1
"138","OREGONDEQ","33929-ORDEQ","Silvies River at West Loop Road","River/Stream","Fenwick Canyon-Silvies River",4166,"OR_SR_1712000207_05_106473",2,2,5,"Malheur Lake",3,154,"Dissolved oxygen (DO)","Water","Surface Water","Dissolved","Final",NA,NA,2015-07-27,"12:41:00",NA,NA,"Actual",45684207,6.7,"mg/l",6.7,"=","mg/l",NA,NA,"DQL=A","Data of known Quality; meets QC limits established in a DEQ approved QAPP.",3,"Cool Water",35,"4/1","7/15",6.5,5,4,85,19.1,1
"139","OREGONDEQ","12265-ORDEQ","Donner Und Blitzen River upstream of Page Springs Campground","River/Stream","Dry Creek-Donner und Blitzen River",4235,"OR_SR_1712000301_05_106475",2,2,5,"Malheur Lake",3,154,"Dissolved oxygen (DO)","Water","Surface Water","Dissolved","Final",NA,NA,2016-03-22,"14:31:00",NA,NA,"Actual",46889187,11,"mg/l",11,"=","mg/l",NA,NA,"DQL=A","Data of known Quality; meets QC limits established in a DEQ approved QAPP.",3,"Cool Water",35,"4/1","7/15",6.5,5,4,100,5.8,0
"140","OREGONDEQ","33929-ORDEQ","Silvies River at West Loop Road","River/Stream","Fenwick Canyon-Silvies River",4166,"OR_SR_1712000207_05_106473",2,2,5,"Malheur Lake",3,154,"Dissolved oxygen (DO)","Water","Surface Water",NA,"Final",NA,NA,2011-12-12,"13:50:00",NA,NA,"Actual",47270710,12.9,"mg/l",12.9,"=","mg/l",NA,"NULL","DQL=A","Data of known Quality; meets QC limits established in a DEQ approved QAPP.",3,"Cool Water",35,"4/1","7/15",6.5,5,4,100,0.7,0
"141","OREGONDEQ","12265-ORDEQ","Donner Und Blitzen River upstream of Page Springs Campground","River/Stream","Dry Creek-Donner und Blitzen River",4235,"OR_SR_1712000301_05_106475",2,2,5,"Malheur Lake",3,154,"Dissolved oxygen (DO)","Water","Surface Water",NA,"Final",NA,NA,2011-12-13,"15:30:00",NA,NA,"Actual",47270790,12.9,"mg/l",12.9,"=","mg/l",NA,"NULL","DQL=A","Data of known Quality; meets QC limits established in a DEQ approved QAPP.",3,"Cool Water",35,"4/1","7/15",6.5,5,4,100,0.9,0
"142","OREGONDEQ","13014-ORDEQ","South Fork Blitzen River at Blitzen Crossing","River/Stream","Mud Creek-Donner und Blitzen River",5067,"OR_SR_1712000301_05_106475",2,2,5,"Malheur Lake",3,154,"Dissolved oxygen (DO)","Water","Surface Water","Dissolved","Final",NA,NA,2014-05-06,"15:19:00",NA,NA,"Actual",44852843,10,"mg/l",10,"=","mg/l",NA,NA,"DQL=A","Data of known Quality; meets QC limits established in a DEQ approved QAPP.",3,"Cool Water",35,"4/1","7/15",6.5,5,4,100,8.9,0
"143","OREGONDEQ","12264-ORDEQ","Whitehorse Creek at Whitehorse Ranch Road","River/Stream","Lower Whitehorse Creek",4376,"OR_WS_171200090405_05_106887",2,2,5,"Malheur Lake",3,154,"Dissolved oxygen (DO)","Water","Surface Water","Dissolved","Final",NA,NA,2016-09-20,"09:19:00",NA,NA,"Actual",46888993,8.6,"mg/l",8.6,"=","mg/l",NA,NA,"DQL=A","Data of known Quality; meets QC limits established in a DEQ approved QAPP.",3,"Cool Water",35,"4/1","7/15",6.5,5,4,97,13.4,0
"144","OREGONDEQ","12265-ORDEQ","Donner Und Blitzen River upstream of Page Springs Campground","River/Stream","Dry Creek-Donner und Blitzen River",4235,"OR_SR_1712000301_05_106475",2,2,5,"Malheur Lake",3,154,"Dissolved oxygen (DO)","Water","Surface Water","Dissolved","Final",NA,NA,2013-05-15,"12:45:00",NA,NA,"Actual",45350227,9.9,"mg/l",9.9,"=","mg/l",NA,NA,"DQL=A","Data of known Quality; meets QC limits established in a DEQ approved QAPP.",3,"Cool Water",35,"4/1","7/15",6.5,5,4,100,12.3,0
"145","OREGONDEQ","12265-ORDEQ","Donner Und Blitzen River upstream of Page Springs Campground","River/Stream","Dry Creek-Donner und Blitzen River",4235,"OR_SR_1712000301_05_106475",2,2,5,"Malheur Lake",3,154,"Dissolved oxygen (DO)","Water","Surface Water","Dissolved","Final",NA,NA,2015-10-27,"15:53:00",NA,NA,"Actual",45351106,11.7,"mg/l",11.7,"=","mg/l",NA,NA,"DQL=A","Data of known Quality; meets QC limits established in a DEQ approved QAPP.",3,"Cool Water",35,"4/1","7/15",6.5,5,4,100,8.7,0
